0.85137451,0.35503661,0.948525141,0.820137388,-0.531013809,1.908754768,-0.514668234,-0.398098784
0.865428294,0.403885671,0.96706966,0.820754479,-0.936166008,1.912052409,-0.531009192,-0.424173047
0.861422825,0.337842094,0.948434121,0.826628234,-0.950877741,1.890530773,-0.496980194,-0.437395862
0.85030451,0.321878694,0.949096613,0.8548551,-0.927418932,1.886664782,-0.491913294,-0.496609447
0.816308249,0.355473034,0.995097044,0.874953716,-0.910759265,1.885942554,-0.598921347,-0.483694415
0.838364069,0.320626232,0.985488252,0.813240471,-0.902766776,1.882764506,-0.53534927,-0.52520384
0.82387007,0.264594361,1.000307821,0.871598006,-0.870818447,1.905539307,-0.69194374,-0.552040835
0.890837766,0.340657871,0.971526756,0.844197802,-0.929009463,1.901609997,-0.676350583,-0.589817858
0.836343084,0.36348222,0.980969657,0.894565816,-0.900305072,1.89802596,-0.852206719,-0.629280186
0.847228792,0.328764936,0.899567914,0.868532247,-0.974504966,1.909268832,-0.890193832,-0.689656772
0.7792885,0.552133364,0.953125174,0.818628315,-1.187830753,1.662810579,-0.481242168,-0.474253751
0.693610221,0.535632421,0.954025479,0.843837037,-1.181118323,1.707210196,-0.545646963,-0.496334227
0.712660706,0.495578632,0.944078226,0.863248684,-1.148143701,1.729247773,-0.622380474,-0.538280178
0.58441337,0.497333523,1.006302179,0.863660219,-1.250736383,1.710229151,-0.73730986,-0.599623883
0.683675688,0.476673393,0.927609569,0.942843295,-1.221426863,1.707859796,-0.694024115,-0.607174514
0.704984101,0.505156423,0.893447249,0.870063197,-1.23638955,1.742232719,-0.7869413,-0.664409553
0.587996903,0.500306948,0.95133375,0.932730776,-1.246657685,1.698744983,-0.720649123,-0.671570483
0.556335727,0.503330222,0.804241348,0.974383323,-1.196622151,1.731557227,-0.770261526,-0.697483685
0.599606229,0.479102207,0.809713666,0.906821565,-1.20946188,1.728177403,-0.881089938,-0.748302518
0.613142413,0.508372828,0.757970544,0.905386914,-1.165603296,1.749719145,-0.879528791,-0.773382417
1.431514055,1.342419621,0.940123297,1.35332857,0.307230245,2.778453451,0.213997599,-1.262742354
1.489986337,1.342622054,1.124082635,1.415555592,0.132820642,2.661298976,0.151311939,-1.240191176
1.495896201,1.367042765,1.099004089,1.37609183,0.138751912,2.713790708,-0.161388063,-1.126974173
1.441058829,1.340797646,1.042647892,1.416602606,0.094230578,2.620878119,0.115550772,-1.139459234
1.373304759,1.367820018,0.936115001,1.375701333,0.106036575,2.557862443,0.181323237,-1.128808098
1.413505478,1.327481055,0.92144657,1.309223219,0.170126725,2.587022278,0.25999927,-1.071734631
1.487023831,1.309782636,0.917060777,1.293012961,0.14848271,2.551500214,0.270332222,-1.03089056
1.501291888,1.273837738,0.85090182,1.331507241,0.136580668,2.563411655,0.287646211,-0.998057779
1.432103237,1.275695916,1.010854429,1.349654978,0.128639517,2.586425939,0.504150386,-0.970034138
1.427909389,1.328026984,0.746858369,1.321464117,0.228342065,2.556733682,0.424132503,-0.938996914
1.212410018,1.227850789,1.083328825,1.209576932,-0.146575606,2.433525213,-0.189154509,-1.459598865
1.120853341,1.234718921,0.960278807,1.224391006,-0.137091919,2.413805292,-0.015840236,-1.526575562
1.161146193,1.206882894,1.032556783,1.307563515,-0.15245975,2.434717112,-0.123372701,-1.630792131
1.227352578,1.235568962,0.957295733,1.356346678,-0.275392165,2.438924271,-0.086633121,-1.685546291
1.168242969,1.20892803,0.945149997,1.307760676,-0.276307727,2.475085073,-0.156395306,-1.6935892
1.089194461,1.217746164,1.007327331,1.216054781,-0.221309703,2.537499913,-0.133413446,-1.632229492
1.167273068,1.261440998,0.979385691,1.29255513,-0.279781523,2.506004477,-0.245867025,-1.697219084
1.172373598,1.230984037,0.896527745,1.251581736,-0.251630168,2.514197171,-0.065895157,-1.68204767
1.211957397,1.233863126,0.782712443,1.297593447,-0.297464256,2.529013385,0.021604838,-1.697839395
1.139200877,1.195578392,0.898455553,1.308534356,-0.372890999,2.608058003,0.100667311,-1.691067974
0.040625848,1.01925633,0.373596618,0.594947457,-0.981280261,1.197837065,-0.413319171,-1.55090186
-0.047791621,0.902562773,0.247187939,0.485729103,-1.179767402,1.249070232,-0.3014164,-1.466705117
0.139627625,0.988494292,0.154328052,0.518478871,-1.08668088,1.310657635,-0.263813394,-1.469068016
0.002652273,0.931374685,0.115717996,0.341865917,-1.175313513,1.351719339,-0.318943121,-1.478151078
0.092187413,0.951004456,0.245045669,0.431633144,-1.246895608,1.423353117,-0.441395949,-1.468268555
0.195295537,0.944546234,0.13545957,0.406248312,-1.188933841,1.430058309,-0.39207826,-1.442193385
0.121647178,0.970649426,0.083670046,0.44843605,-1.247469292,1.438855958,-0.406524023,-1.477567448
0.040202107,0.931043406,0.057305197,0.4279349,-1.229854666,1.456887939,-0.332536552,-1.525492569
0.185889485,0.871278731,0.021035768,0.378631103,-1.24572505,1.450498697,-0.36255757,-1.519848352
0.205448446,0.817133377,-0.059734129,0.431121332,-1.27014522,1.440833389,-0.514693666,-1.524432549
0.560567653,0.887963544,-0.016994987,0.443964313,-1.356419142,1.446772481,-0.445110336,-1.502196497
0.544931243,0.845831275,-0.127801655,0.418351548,-1.323822038,1.498090334,-0.433445716,-1.513667157
0.603579728,0.786402432,-0.082432472,0.361308584,-1.3048252,1.491070195,-0.473314771,-1.516341137
0.549768448,0.858299755,0.034258201,0.29127105,-1.306899906,1.557209484,-0.471825206,-1.545857978
0.607137245,0.854656299,-0.172080647,0.313245133,-1.33213822,1.5440033,-0.417230663,-1.49713649
0.506798251,0.852521321,-0.097047752,0.250561879,-1.387545799,1.549997484,-0.473210786,-1.479163825
0.52852935,0.863968541,-0.293029674,0.212707024,-1.308112281,1.544355132,-0.380375543,-1.512615216
0.476952527,0.887452298,-0.083591977,0.124861977,-1.362872515,1.552233073,-0.346167749,-1.484691046
0.573828662,0.851100599,-0.217166123,-0.004837836,-1.387019213,1.58212589,-0.235294909,-1.419965385
0.510364011,0.839930552,-0.101262297,0.029906053,-1.362575538,1.594092535,-0.301461712,-1.388641697
0.710569582,0.499851695,0.226857353,0.642831836,-1.921650559,-0.166115013,-2.389936312,0.972301769
0.51496495,0.505613868,0.346342414,0.617791403,-1.854872381,-0.042643201,-2.368906026,0.961751629
0.493345401,0.408713474,0.437235617,0.574340007,-1.825497315,-0.021666037,-2.35815426,0.949251214
0.495041093,0.311548348,0.423452876,0.507134185,-1.798801405,-0.08375052,-2.345634092,0.941556634
0.371477625,0.332250144,0.422703778,0.432338179,-1.759441608,-0.06776888,-2.334241794,0.925755358
0.432893185,0.340199102,0.459240542,0.355450958,-1.751456011,-0.06162028,-2.346604658,0.91957443
0.477345948,0.305756724,0.356703193,0.395461091,-1.758516223,-0.072433437,-2.317929986,0.932585749
0.451969642,0.257329417,0.430033758,0.377969981,-1.678492916,-0.082500404,-2.339201557,0.916661472
0.571702676,0.308813376,0.413014096,0.355791665,-1.619489971,-0.072089816,-2.265176064,0.921291185
0.59469742,0.278445267,0.392230627,0.388621889,-1.611587814,-0.069576507,-2.275055753,0.926024558
0.619807259,0.291011229,0.379918968,0.654518919,-1.624444308,-0.129641359,-2.257795716,1.224947854
0.674475861,0.310037635,0.419418659,0.630328617,-1.626306734,-0.059814372,-2.241857484,1.16093688
0.700212007,0.332225482,0.427348353,0.580788263,-1.573811959,-0.05267966,-2.247281671,1.108990075
0.718785238,0.309525531,0.416130707,0.629642334,-1.56307252,-0.048180204,-2.261149772,1.073785207
0.686915176,0.32915011,0.480073121,0.661977022,-1.55984194,-0.016725951,-2.213890411,1.038101597
0.706510416,0.327189839,0.455706024,0.555666525,-1.546372999,0.031209362,-2.253703886,0.991851576
0.766507946,0.341131027,0.415720449,0.435566937,-1.530715679,0.024652619,-2.236740385,0.972568326
0.721550653,0.327322902,0.30276171,0.404950742,-1.538180917,0.040098387,-2.276371273,0.940513079
0.698858358,0.318515677,0.432242622,0.42568113,-1.537647609,0.045675784,-2.217229726,0.933888485
0.741941928,0.380696991,0.403164267,0.411570489,-1.470212796,0.040299099,-2.197744518,0.93591914
1.936869201,1.966458132,0.983393555,2.231106607,-0.050547436,-0.124178995,0.375171924,0.954816209
1.938886976,1.965539705,1.108048501,2.253161056,-0.128408285,-0.066049221,0.501557165,0.869756293
2.003358523,1.955222075,1.174264522,2.219105108,0.061160142,-0.018244559,0.441263674,0.900854345
1.991056308,1.96777313,1.23203559,2.205870325,0.059021139,-0.035962588,0.315897618,0.941715438
1.986003184,1.964475847,1.287567752,2.188277914,-0.024246505,-0.051399139,0.353163378,1.004933972
1.936965963,1.955791413,1.42465493,2.183795411,-0.053347137,-0.014435389,0.409833634,0.972162248
1.909269757,1.982171293,1.69822055,2.115243161,-0.07798623,-0.050841991,0.234803154,0.864982796
1.894485673,1.919697433,1.888090519,2.09338258,-0.191174701,-0.164739829,0.126436836,0.655738838
1.904283907,1.867487315,1.939129561,2.13685191,-0.317425393,-0.252577598,-0.093962829,0.415930921
1.906815955,1.81810729,1.933128714,2.16225244,-0.336008912,-0.332287122,-0.082020067,0.421687135
1.685677999,1.874100661,1.295174204,2.230365551,-0.725539568,-0.101902872,0.459119705,0.992424192
1.700536988,1.881157891,1.404826569,2.212105333,-0.689880056,-0.084808279,0.446936871,1.050003814
1.691571778,1.841313187,1.578823908,2.207913516,-0.770243532,-0.066380388,0.342572303,0.988965817
1.704117875,1.823981892,1.799789625,2.151143564,-0.68585218,-0.033669896,0.113081467,0.903489816
1.676715098,1.836692762,1.893490221,2.114756713,-0.794372977,0.053299225,0.018334951,0.686707382
1.692590883,1.865723648,1.929096042,2.120112511,-0.692140456,0.115137296,-0.089730255,0.524079485
1.701613379,1.831166569,1.953216628,2.150203403,-0.707581917,0.057514514,-0.03573398,0.432640058
1.716264361,1.866130448,1.961076855,2.186111222,-0.740936662,0.124969868,-0.16523428,0.397849709
1.663328991,1.827498588,1.999780035,2.148925461,-0.781373259,0.078279687,-0.148085192,0.417167761
1.712590298,1.846948871,1.967639034,2.178915832,-0.722882036,0.061461245,-0.11512883,0.409405354
1.939759895,1.358965985,1.581110698,1.10817546,-1.381943541,-0.602893775,1.325549389,2.351704676
1.898701266,1.393866558,1.576268321,1.139915341,-1.368256819,-0.648695682,1.137592185,2.332232616
1.830190363,1.269179159,1.605453731,1.032635703,-1.513068922,-0.706069355,1.127221714,2.170441071
1.806469041,1.169426458,1.617318288,0.971379033,-1.586591734,-0.856371532,0.888427756,2.128747237
1.755969988,1.116592855,1.719161573,1.037187512,-1.730196585,-0.903473442,0.642518432,2.139690474
1.666535376,1.135974606,1.746048832,1.073917551,-1.914814982,-0.860232764,0.610706222,2.121519096
1.623551176,1.14657538,1.847646725,1.04374155,-2.044312975,-0.804380288,0.371043588,2.02477133
1.582972894,1.148782798,1.907125135,0.855576535,-2.161951804,-0.812462258,0.135588187,1.873837252
1.555938368,1.233138873,1.867349827,0.930182552,-2.2272825,-0.746808683,0.058802031,1.517005587
1.634595396,1.064064385,1.871391341,1.324376143,-2.034505106,-0.981988753,0.23429024,1.309501978
1.709284675,1.026933779,1.750698362,0.891561574,-1.33167103,-1.207230724,0.663793022,1.035645887
1.91686127,0.989689885,1.655182256,0.409517723,-0.93761391,-0.807920314,0.961955068,1.610002855
1.911472391,1.190462238,1.644527649,0.506201276,-0.889548283,-0.375423837,1.088394525,1.566083821
1.889202535,1.288969344,1.789844346,0.994126178,-0.886162708,-0.15282672,0.442396606,1.32611856
1.504130428,1.24088317,2.047869048,0.783285867,-1.907570608,-0.155036608,-0.207233495,1.573131993
1.72332845,1.404274424,2.220388956,0.695769972,-2.830132649,0.197311592,-0.511539561,1.71935229
1.90247896,1.527763284,1.88360115,0.460130149,-3.267294172,0.451488763,0.365177339,1.989165065
1.887226004,1.526725481,1.867958759,0.774166196,-3.24879686,0.570367854,1.151901753,2.462703679
1.675690977,1.479720666,2.232071293,1.116622416,-2.958683318,0.714594248,2.278234822,2.115301655
1.944681686,1.184448747,2.150759056,1.251020625,-3.586166055,0.360249514,1.89420603,1.444657741
1.96781407,1.537704735,1.536728571,1.350638214,-2.593658744,0.353779789,-1.950827467,0.874954535
2.021666116,1.507222203,1.502606781,1.362736652,-2.509778531,0.332782628,-1.989401748,0.956229394
1.962531715,1.515062311,1.475274255,1.373186225,-2.572870624,0.301548147,-2.033956275,0.965112158
1.958012649,1.494240931,1.41626486,1.325553571,-2.646219497,0.318787404,-2.051730428,0.948942538
1.978771304,1.470480053,1.441780408,1.343540459,-2.720910871,0.380329714,-2.025346156,0.966686301
1.9551662,1.457581195,1.404227126,1.36681939,-2.689999881,0.397007223,-2.142478479,0.946857985
1.953970805,1.467216947,1.374237632,1.324099516,-2.671001355,0.413254442,-2.161793031,0.984667183
1.979272983,1.501263867,1.331647025,1.416985775,-2.672959251,0.388456736,-2.240775899,1.032959592
1.949568643,1.54381628,1.34256469,1.366002979,-2.7060767,0.426145342,-2.290419612,1.088949909
1.948193448,1.474155923,1.383158779,1.310606588,-2.634670483,0.41666786,-2.37564936,1.105465814
1.998028161,1.546074206,1.392611785,1.264634408,-2.582199002,0.159649042,-2.069104323,0.985378423
1.997441263,1.497387245,1.385608859,1.37248249,-2.49505608,0.223312258,-2.199079511,1.047258114
1.988524119,1.505094928,1.39803252,1.368911317,-2.582475668,0.229395368,-2.215302535,1.108835101
1.979155385,1.528727861,1.417362595,1.40956147,-2.612040767,0.198194974,-2.249661114,1.092967184
1.964973323,1.517871577,1.473792495,1.421454597,-2.585718936,0.22540555,-2.25556521,1.083391335
1.985686817,1.473486683,1.558787295,1.429488318,-2.640048183,0.213528749,-2.436250535,1.080326395
1.936148756,1.464451667,1.766897763,1.424442463,-2.579010434,0.302998653,-2.619642622,1.091031867
2.002318708,1.481313682,1.912329654,1.461583942,-2.584657923,0.293955671,-2.772862582,1.047715152
2.04226334,1.470396165,1.95232575,1.598623715,-2.586255438,0.285063328,-3.099597504,1.021626087
1.992436871,1.518720395,1.999331223,1.661234432,-2.504456313,0.275086697,-3.262197489,0.960863235
1.445276926,1.371965875,1.31395978,1.388121426,-1.528225108,-0.030422733,-0.653119542,0.276638207
1.669784529,1.345609929,1.157466976,1.452698554,-1.348987553,-0.068483977,-0.680208137,0.339454097
1.687954803,1.369480134,1.183650458,1.506441371,-1.61378549,-0.045748404,-0.694611187,0.367486339
1.750063607,1.343089447,1.077358698,1.409541837,-1.589770856,0.023760276,-0.735821483,0.330828762
1.729313877,1.328463641,1.056147032,1.501978707,-1.626729153,0.018341119,-0.640293874,0.335341437
1.706910732,1.333321409,1.135415282,1.421137086,-1.540385162,-0.004342333,-0.897404694,0.294513802
1.82852511,1.336934017,1.151892658,1.446405866,-1.559760577,-0.011188161,-0.930201778,0.291033492
1.645407277,1.365999824,1.302417031,1.483211815,-1.373304816,0.012962172,-0.942634994,0.284210291
1.74473105,1.335774043,1.289821451,1.377667043,-1.464967846,0.0586491,-0.795429708,0.320510186
1.633396328,1.264661216,1.245263258,1.46517772,-1.471368746,0.04410905,-0.864320131,0.28374708
1.707246068,1.277435824,1.165367264,1.282209251,-1.484713183,0.046462615,-0.212883993,0.039377554
1.654964422,1.302868365,1.098984248,1.311942908,-1.477541798,0.034349637,-0.356968883,-0.066881045
1.70208812,1.287571117,1.103854996,1.217927452,-1.483589385,0.103986444,-0.45243055,-0.030781864
1.777716349,1.310278383,1.202858697,1.263717102,-1.49339864,0.10440283,-0.389437283,-0.018034955
1.833424161,1.288884429,1.007871105,1.25341505,-1.539923425,0.058293922,-0.314725448,-0.050874219
1.779019105,1.331918161,1.067565036,1.261446485,-1.622393111,0.094601848,-0.401788566,0.007216026
1.693983742,1.338157007,0.974219089,1.386443635,-1.611486888,0.076650642,-0.430801318,0.062630096
1.842139797,1.302145472,0.764126452,1.346173115,-1.575769778,0.0599644,-0.323846357,0.059637647
1.647813278,1.252665863,1.006976229,1.363703315,-1.521735403,0.06251124,-0.291198632,0.116284094
1.751521511,1.259184856,1.036673208,1.373974323,-1.50706406,0.021133695,-0.444436857,0.050185737
1.678587511,0.61719515,1.227189393,0.874570843,0.702263618,1.81414656,0.647786687,-2.265146273
1.656477259,0.29272735,1.107314538,0.901582308,0.617872795,1.672747748,0.56472136,-2.202568193
1.630434937,0.338596088,1.014131668,0.852529046,0.652573151,1.616213654,0.504224078,-2.258200854
1.605065034,0.386638253,1.080540268,0.840768763,0.583656933,1.619422031,0.531224605,-2.267426164
1.596068496,0.418917111,0.987562806,0.810320578,0.45947344,1.485268057,0.324323432,-2.383207378
1.563276894,0.360751907,0.976293537,0.744018881,0.612113825,1.58104773,0.476030808,-2.330139034
1.546053435,0.420224911,1.08806356,0.82393902,0.507159051,1.583827699,0.541089053,-2.351136895
1.491072609,0.426186205,0.994467416,0.890088263,0.519368359,1.589454691,0.51532375,-2.293930859
1.502839144,0.421698531,0.979360076,0.811445863,0.591692711,1.585673372,0.61948966,-2.303768015
1.501303729,0.411297674,0.999005983,0.796348259,0.588671088,1.629662112,0.562868961,-2.345406827
1.383410386,0.440948252,0.942243303,0.79468472,0.684183751,1.63763833,0.79346528,-2.257666967
1.463156808,0.447188147,1.101189523,0.795347782,0.552161974,1.566043267,0.735188986,-2.216434194
1.483429753,0.360933001,1.010487736,0.824625891,0.559942834,1.590806003,0.785351796,-2.178497455
1.495612388,0.475090702,0.906616285,0.769127773,0.544464143,1.561207115,0.688711319,-2.21989987
1.475394359,0.419443713,0.837575335,0.793767585,0.576356298,1.560086224,0.761017534,-2.150852839
1.428689838,0.386498666,0.89256945,0.819161307,0.488813971,1.534718431,0.845138358,-2.099405341
1.466577856,0.246718453,1.017422274,0.839187811,0.498083233,1.508802191,0.854935579,-2.129756458
1.558024869,0.380462781,0.998493275,0.757259823,0.466632084,1.52260829,0.803198398,-2.080566327
1.513771187,0.388061882,1.061386804,0.682725441,0.463650287,1.497332769,0.862102972,-2.040711708
1.503081882,0.302162628,0.955364094,0.722737203,0.41530382,1.480477154,0.923822708,-2.070372506
1.281281518,1.071200196,0.513613049,1.450818173,-0.061841543,0.256147611,-1.863711386,-0.069984089
1.291421875,1.055503075,0.465537452,1.468422362,-0.004195685,0.314567292,-1.840762757,-0.0127138
1.303202881,1.046851847,0.491372824,1.468732769,0.019424933,0.327278089,-1.780614308,-0.006680275
1.325606435,1.025997726,0.538410517,1.487950194,0.040583143,0.335386035,-1.782592011,-0.002635724
1.29833236,1.051783154,0.768538862,1.498894906,0.101176321,0.3174968,-1.804244466,-0.056850825
1.285083872,1.0338128,0.953304917,1.552315223,0.111207142,0.333845406,-1.60715432,-0.155131678
1.237512754,1.06536604,1.028131338,1.599897487,0.169575209,0.393986535,-1.471797818,-0.23880184
1.181881777,1.136554115,1.078043196,1.557410494,0.24123826,0.411256121,-1.410127552,-0.29959236
1.108251066,1.164002907,1.12576791,1.534987815,0.275168782,0.42819253,-1.272768471,-0.38564277
0.929905018,1.156230494,1.197412524,1.501586304,0.367665673,0.356556192,-1.15085951,-0.405944227
1.330658624,1.048958714,1.15221708,1.577673265,-0.144796395,0.256135847,-1.419766729,-0.43705406
1.308687584,1.066603257,1.184865996,1.540591213,-0.063049732,0.357374234,-1.27103305,-0.44345425
1.281065885,1.049745882,1.17319962,1.549792893,0.023902072,0.376341789,-1.239742926,-0.454768468
1.325936124,1.017620491,1.183986627,1.535650072,0.046739131,0.350643951,-1.144800308,-0.475711102
1.308620732,1.020914264,1.198304027,1.491639488,0.116008822,0.321898573,-0.999201111,-0.526360035
1.265985349,1.031202248,1.23743577,1.485158207,0.150023668,0.354895197,-0.999656694,-0.542860463
1.208422182,1.043969889,1.219834562,1.45107554,0.172723306,0.354637378,-0.913284146,-0.582713568
1.162235497,1.088154907,1.238139101,1.3120063,0.228806504,0.358058768,-0.94635119,-0.683882307
1.149977683,1.120102334,1.250943327,1.198156036,0.296007914,0.377816904,-0.887886009,-0.780785953
1.075612572,1.144075973,1.263375991,1.158016323,0.352449812,0.411026474,-0.872808736,-0.830414621
1.387805138,0.961490144,1.304243509,0.338590798,0.156947976,1.499071251,-0.62507938,-1.008208981
1.365340126,1.082064749,1.329471901,0.283502505,0.060707157,1.583268885,-0.583044383,-1.08109621
1.202594443,1.165405617,1.494199441,0.338327582,0.032599913,1.720029502,-0.580156987,-1.062957428
1.155428001,1.173357782,1.454696838,0.371566873,-0.072807237,1.694244745,-0.527453014,-1.10767371
1.169791619,1.190665433,1.577004618,0.353200791,-0.001391261,1.682104402,-0.488386229,-1.071914169
1.120112619,1.151545325,1.519229583,0.395223603,0.033495337,1.721508788,-0.494683441,-1.085085713
1.133513531,1.14568396,1.535081133,0.425380832,0.032361044,1.773190216,-0.486826418,-1.072973994
1.077044149,1.128018333,1.561100007,0.440674698,-0.046962108,1.713056842,-0.444152578,-1.067526358
1.069326792,1.129474302,1.562490376,0.444895617,-0.137120964,1.736463312,-0.460804181,-1.083148502
1.142473068,1.125004146,1.566797554,0.422756712,-0.080430063,1.716090503,-0.372357742,-1.085039199
1.059943861,1.283508204,1.476778474,0.342765311,0.028376249,1.84908076,-0.58954535,-1.098098249
1.03983073,1.272501878,1.460013616,0.410389638,-0.081616413,1.875506006,-0.556856237,-1.118762223
1.052812909,1.292375246,1.479896587,0.427584539,0.024173007,1.922659817,-0.500132735,-1.141916415
1.045947085,1.274767684,1.508997127,0.376505819,0.018140507,1.898610835,-0.504722842,-1.131935499
1.060450721,1.246492009,1.580646852,0.410216822,-0.004667349,1.926781501,-0.376727435,-1.184130034
0.946196815,1.276888281,1.611909667,0.338738768,0.026496224,1.953692096,-0.340915027,-1.162888955
0.974161481,1.290187323,1.595306483,0.358819574,0.094071102,1.917161797,-0.206196949,-1.159668955
0.985006708,1.276603735,1.684739937,0.218542614,-0.028003928,1.948990989,-0.254538548,-1.092444601
0.945910366,1.277252295,1.695476778,0.362321152,0.053367517,1.915957567,-0.312136442,-1.07419452
0.797975374,1.296241654,1.650298977,0.324418597,-0.016043143,1.957618981,-0.281218258,-1.075580041
1.203601519,1.731734982,2.172004254,2.176253904,0.576293616,0.666004208,0.201360102,-0.367340396
1.275409633,1.733497444,2.173498988,2.232356291,0.683014948,0.451281854,0.016502078,-0.369021926
1.218287272,1.703720048,2.222902816,2.246552968,0.458590518,0.468996942,0.26332522,-0.35298265
1.100719434,1.73249511,2.204214372,2.261578885,0.630138365,0.402557021,0.205678174,-0.408410732
1.230744513,1.709231221,2.279741547,2.132373958,0.620874036,0.327586855,0.338979734,-0.524627305
1.213242119,1.692382771,2.295790052,2.030383335,0.668857265,0.314318847,0.409442184,-0.685939027
1.229207275,1.72935692,2.279686832,2.030410788,0.812690442,0.273426721,0.323728249,-0.834727093
1.129544978,1.693783925,2.264450609,2.066244184,0.6709647,0.255474014,-0.007923807,-0.827589416
1.035440909,1.724490075,2.210562948,2.050873425,0.698508324,0.211666019,-0.089063857,-0.829817107
1.100183606,1.763785575,2.163825078,2.049217671,0.549356657,0.123077135,0.01840942,-0.757467423
1.375576838,1.762363751,2.222650261,2.055165339,0.763808256,0.011403517,0.03242618,-0.98635403
1.382655265,1.803083244,2.163412139,2.090884465,0.796270885,-0.002832045,-0.110279093,-0.94768992
1.432094081,1.820247865,2.141543481,2.058817415,0.859980879,-0.008213104,-0.220630173,-0.789673975
1.449992704,1.770717831,2.141454378,2.07884246,0.836654084,0.074182366,-0.053777434,-0.734169441
1.487064182,1.753859652,2.205353959,2.075872666,0.817418435,0.059019285,-0.251124142,-0.616435196
1.508707192,1.768007761,2.191646035,2.074779108,0.782019366,0.086847055,-0.387597614,-0.519256142
1.442804321,1.76050942,2.151773082,2.043916285,0.815587906,0.09711592,-0.484587221,-0.347508871
1.457788901,1.691170905,2.115729843,1.926002108,0.949149573,0.105852603,-0.72048969,-0.29781101
1.470953306,1.683697257,2.132191335,1.979855496,0.95379487,0.145090537,-0.813787331,-0.325317365
1.461829253,1.66847653,2.093720369,1.980247917,0.846044342,0.154743599,-0.963248742,-0.335544978
1.162702706,1.642143488,1.29669431,0.083840999,0.631579217,2.243144109,1.219343654,-1.095767227
0.992774872,1.613241533,0.940760073,0.035784903,0.382694776,2.299190938,1.059888132,-1.026716883
1.027427604,1.676508559,0.954786492,0.06407436,0.366194499,2.338370394,1.021997712,-0.941364528
0.961008136,1.653138376,0.969330958,0.199141129,0.285640387,2.329196906,0.950782302,-0.945745887
1.031570408,1.617835242,1.012024692,0.27004013,0.307803799,2.279730407,1.060708298,-0.894946563
1.0894659,1.648868697,1.062839998,0.306233723,0.26541611,2.254857617,0.965515938,-0.856342567
1.147433114,1.635311706,0.969128186,0.259128328,0.260585258,2.225577881,0.985304294,-0.804835067
0.997166185,1.640577648,0.898176844,0.208796211,0.238644653,2.267496864,1.088881354,-0.830286911
1.199942077,1.676237028,0.978343444,0.163920736,0.319232795,2.192869894,0.985894219,-0.828424953
1.057728061,1.62984211,0.891283531,0.221729111,0.259762184,2.148637795,1.038419341,-0.832633977
1.132076452,1.685952863,0.814528026,0.137161148,0.3622928,2.148507972,0.846251829,-0.836947862
1.109157258,1.64612018,0.833384181,0.268292955,0.37229186,2.152556587,1.001061523,-0.815191364
1.217641064,1.664627458,0.888858448,0.294512518,0.362234398,2.161828329,1.053265797,-0.808221993
1.233778266,1.674122639,0.858467968,0.25615999,0.35965841,2.139995933,0.971592918,-0.768911972
1.274989738,1.618460926,0.824262148,0.305191642,0.371568573,2.140984664,0.94662921,-0.746767155
1.157346546,1.641754658,0.9417694,0.303251272,0.434810918,2.185371483,0.98799174,-0.729558592
1.154961923,1.625983069,0.79339355,0.327506923,0.442061797,2.161832297,0.958055387,-0.747912267
1.275164478,1.635672016,0.740990737,0.268860708,0.444702647,2.166266232,1.08205957,-0.769100395
1.228912096,1.658972738,0.598332723,0.362758763,0.503331662,2.160639194,1.09370913,-0.782397956
1.293284876,1.598506106,0.638018689,0.383119688,0.487195069,2.178552134,1.163516632,-0.79521816
0.03628381,0.659484591,0.390872868,1.065818583,-0.97946121,-0.73607817,-1.169154802,-0.494320894
0.082464071,0.648156186,0.431444803,1.047267497,-1.019239192,-0.783097948,-1.171112515,-0.424234193
0.159681707,0.62396241,0.402488453,1.057884104,-1.023956427,-0.816876448,-1.181546091,-0.406205474
0.118387464,0.644305497,0.376740923,1.027612331,-1.013673463,-0.824587348,-1.150745604,-0.359022318
0.156223351,0.644612393,0.398508801,1.025702591,-0.996061732,-0.847442891,-1.12672059,-0.366699473
0.120923231,0.61201809,0.407959213,1.053895667,-1.023717774,-0.826556992,-1.139288321,-0.37204386
0.180245736,0.600705157,0.355672611,1.050418541,-1.007903946,-0.844880816,-1.100950303,-0.376998514
0.159434671,0.585354628,0.327471417,1.053423975,-0.975099875,-0.852621136,-1.115485813,-0.371321
0.182527964,0.581092768,0.263099582,1.046278181,-1.008420168,-0.843048399,-1.102007459,-0.352676535
0.20625803,0.553308048,0.337531304,1.016109253,-0.969118486,-0.858008022,-1.077247194,-0.31755594
0.123845891,0.714225021,0.242158007,0.860305505,-0.947760393,-0.942379494,-0.914844334,-0.238329647
0.162003064,0.717007248,0.324326369,0.796041371,-1.009676988,-0.859637655,-0.950479419,-0.196898129
0.156541144,0.71118325,0.244381805,0.79690993,-1.002263162,-0.850343429,-0.953610627,-0.154174149
0.211292036,0.691636763,0.326001558,0.750520436,-1.013960813,-0.843451607,-1.010677098,-0.13089224
0.234779341,0.699873901,0.349071564,0.768993789,-1.031301195,-0.840678568,-1.005917081,-0.139836557
0.210022099,0.715971803,0.261129537,0.776155877,-1.031491256,-0.854491607,-1.029625225,-0.116504758
0.248259854,0.687291614,0.32219885,0.799686045,-1.046827168,-0.835160933,-0.981279531,-0.112026735
0.242885803,0.693865158,0.292834723,0.731376754,-1.03417005,-0.843117419,-0.998464173,-0.120812915
0.216388616,0.6725055,0.332220782,0.741666811,-1.032595676,-0.831119041,-1.04373603,-0.116632016
0.170652404,0.714114838,0.350819656,0.743574394,-1.047283644,-0.81330435,-1.037576129,-0.129282661
-0.145151256,-0.217389484,-0.34510503,-0.488253022,0.378052712,0.087594443,-0.398242387,-0.208265123
-0.182351325,-0.358444678,-0.26284493,-0.530262324,0.362541626,-0.009073653,-0.354686103,-0.271543718
-0.158783695,-0.471517594,-0.183940161,-0.56663799,0.378448529,-0.047882119,-0.30233256,-0.294616783
-0.201660548,-0.463612576,-0.116177281,-0.627923441,0.420100415,-0.047902891,-0.276779788,-0.319046888
-0.227723231,-0.495867841,-0.108301937,-0.656842434,0.43798349,-0.037676322,-0.221945607,-0.342072182
-0.216286255,-0.557435223,-0.153290865,-0.74137051,0.456240425,-0.065140478,-0.212248631,-0.343692448
-0.307520282,-0.523491179,-0.101245557,-0.692877685,0.463757197,-0.065450388,-0.197536681,-0.359161941
-0.284937498,-0.547198537,-0.010573949,-0.699966787,0.499265947,-0.08446292,-0.187561152,-0.383614308
-0.242870465,-0.459360771,0.051833968,-0.703396755,0.496797988,-0.064976816,-0.117630431,-0.388425474
-0.298293329,-0.570622278,0.160349634,-0.700795358,0.516784911,-0.092816351,-0.082831914,-0.410008221
-0.222345031,-0.59390492,0.087176513,-0.729759334,0.555607832,-0.112673854,-0.124569948,-0.38993761
-0.187720234,-0.61888351,0.117489645,-0.715689254,0.566128924,-0.049367197,-0.0632536,-0.406975761
-0.220227083,-0.61935809,0.20388898,-0.733732751,0.571085895,-0.046258891,0.003534063,-0.418006986
-0.239646754,-0.581036567,0.148029475,-0.851788862,0.569982512,-0.040619942,0.048930442,-0.416427903
-0.233321652,-0.609062542,0.222792026,-0.778262677,0.576080536,-0.058010639,0.02783584,-0.412155552
-0.220583422,-0.649658333,0.211119795,-0.772183867,0.568698138,-0.067500562,0.078541172,-0.39776024
-0.286112969,-0.570170741,0.197991234,-0.776400765,0.598054671,-0.075897907,0.110124302,-0.416920381
-0.316755041,-0.606298713,0.12399125,-0.846394278,0.560943998,-0.080319958,0.134794799,-0.427741925
-0.259173238,-0.673895899,-0.024387696,-0.783764372,0.601038928,-0.072950649,0.225055081,-0.474592791
-0.29993326,-0.747629727,-0.1599885,-0.849919331,0.605081419,-0.057944418,0.270697938,-0.450288806
0.078550198,0.433583019,-0.457044006,0.447913295,0.694669158,1.536503588,1.449081885,-0.784526597
0.160349902,0.45791225,-0.187157857,0.470110984,0.663189918,1.374869261,1.504117873,-0.857924758
0.262850461,0.475166024,-0.343922828,0.435647923,0.669670721,1.324863507,1.520190089,-0.8983642
0.256343219,0.508384412,-0.084740555,0.465476096,0.658796334,1.316555079,1.566896012,-0.940563507
0.310839948,0.453521007,-0.382094775,0.429641421,0.672756797,1.277475723,1.584624801,-0.951779025
0.340549128,0.523504388,-0.158478157,0.474407888,0.687152891,1.276952884,1.528307083,-1.078121337
0.281826299,0.483618929,-0.264947387,0.485400835,0.648568455,1.306865938,1.593347467,-1.075396601
0.253357735,0.505179119,-0.294689424,0.468019424,0.679179745,1.30043312,1.514932527,-0.989294161
0.241357808,0.438106088,-0.280480873,0.51489919,0.686735057,1.281196767,1.55348998,-1.003661751
0.172665715,0.494122476,-0.266209098,0.526891962,0.687821997,1.315943152,1.506870306,-1.03134293
0.460028679,0.524994815,-0.354623184,0.500196732,0.643088684,1.288120377,1.561606093,-1.059349429
0.392473198,0.468556632,-0.178398126,0.478524152,0.644219531,1.227537605,1.579436172,-1.060639675
0.445134498,0.483887572,-0.24097167,0.520589445,0.622858276,1.194038179,1.626021639,-1.081360281
0.410415158,0.404945959,-0.195298863,0.50816371,0.585740609,1.182417957,1.626253313,-1.076341858
0.447272259,0.402517247,-0.244933194,0.516674387,0.626933385,1.165364599,1.669568528,-1.078881761
0.367407522,0.412169892,-0.296893342,0.518551702,0.632200179,1.175386326,1.661281532,-1.06973178
0.332463512,0.414308632,-0.360226569,0.471267196,0.609336738,1.151078204,1.633844314,-1.077297605
0.361871683,0.436352717,-0.420553163,0.506687956,0.624650021,1.158213004,1.629271113,-1.102207661
0.408938293,0.467360431,-0.648912844,0.523684507,0.627381464,1.160316497,1.66743009,-1.125262965
0.302758968,0.436488771,-0.655448117,0.492811656,0.705145418,1.164185911,1.657277509,-1.147297355
-1.140358644,-1.626756004,-0.831890609,-0.876509272,-0.251208199,-0.664583091,-0.331930101,-0.007924184
-1.244942259,-1.689800596,-0.736045592,-0.995552506,-0.259421174,-0.568102467,-0.288740855,0.018641698
-0.599871672,-1.453003045,-0.931729674,-1.058659926,-0.17943238,-0.551872429,-0.333105346,0.00822594
-1.105932758,-1.556435515,-0.302476477,-1.097131524,-0.215440833,-0.514347531,-0.199626267,0.077314018
-1.346512191,-1.445416283,-0.369438114,-1.112418944,-0.249475453,-0.502543965,-0.275295126,0.075057029
-1.764071976,-1.765974243,-0.584583526,-0.930799668,-0.298444003,-0.452019876,-0.201016873,0.034317583
-1.902087155,-1.688903622,-0.508359685,-0.646468691,-0.293131195,-0.44733962,-0.198768749,0.035175257
-1.874708606,-1.674866446,-0.292800785,-0.55158814,-0.286021592,-0.416299174,-0.177946501,0.011930903
-1.933224093,-1.546525339,-0.778012802,-0.676668176,-0.302773894,-0.398878185,-0.270623497,0.012605053
-1.871862478,-1.535184136,-0.364144495,-0.423372973,-0.303395887,-0.40263513,-0.182471246,0.058169043
-1.647062951,-1.710947807,-0.245428632,-0.463540555,-0.270855716,-0.474532207,-0.143168608,-0.081134063
-1.597725302,-1.487633025,-0.227360069,-0.404831156,-0.256714076,-0.420789408,-0.153813305,-0.042052678
-1.738152717,-1.513967765,-0.268382591,-0.290888803,-0.262382636,-0.379134316,-0.120046635,-0.017614802
-1.8080687,-1.498342826,-0.687484466,-0.293929498,-0.267707572,-0.365342734,-0.253335806,-0.064663243
-1.410545057,-1.032324713,-0.678415271,-0.568050779,-0.215050587,-0.385179886,-0.180704616,-0.008121568
-1.807114674,-1.503902853,-0.936166189,-0.743162943,-0.247937425,-0.331710272,-0.350282426,-0.093723864
-1.711104117,-1.493429627,-0.879191126,-0.840830106,-0.277329873,-0.313586087,-0.369372228,-0.054674327
-1.674628373,-1.467626632,-1.068693761,-0.883868388,-0.287800795,-0.279502033,-0.378131841,-0.114912859
-1.781578357,-1.401578343,-0.944935149,-0.921087963,-0.300949059,-0.16608169,-0.315513146,-0.236671195
-1.583198921,-1.794376636,-0.861596023,-0.787787545,-0.263018056,-0.139718199,-0.382659199,-0.247951236
-0.267784072,0.292098126,0.203056001,0.376420281,-0.609405571,0.00776811,-0.499539802,-0.230011957
-0.393348396,0.284914012,0.112019525,0.385628846,-0.555911067,0.032351198,-0.499908181,-0.104834002
-0.520087875,0.299896409,0.095110781,0.339872599,-0.550787816,0.001168489,-0.482642814,-0.017697392
-0.523221507,0.310035411,0.106807838,0.330940857,-0.553914438,-0.039609089,-0.474330664,0.055952376
-0.529639184,0.302590106,0.143527282,0.303109238,-0.556645686,-0.079124713,-0.483798724,0.118444243
-0.495747291,0.327379589,0.103553613,0.270429158,-0.540570338,-0.114893163,-0.48951469,0.156831835
-0.483490835,0.334238373,0.12354821,0.264151925,-0.541128248,-0.12292277,-0.499229999,0.187130313
-0.533068798,0.290565116,0.131297672,0.291627765,-0.529391471,-0.169837737,-0.489437775,0.244976842
-0.504618072,0.346537736,0.105237576,0.254908635,-0.498148709,-0.199468862,-0.474023937,0.282708967
-0.467097602,0.330998718,0.099527429,0.295126193,-0.484169447,-0.249599517,-0.506228181,0.343325594
-0.108208443,0.268551697,-0.172911823,0.616107041,-0.333647868,-0.193797577,-0.103323315,0.441781801
-0.186666873,0.342526693,-0.220162192,0.655059396,-0.340499881,-0.163610082,-0.122500309,0.469337572
-0.194841044,0.314637256,-0.19144189,0.650974085,-0.357858741,-0.154916096,-0.129148483,0.503770944
-0.205376767,0.266544124,-0.181274222,0.685580095,-0.365020856,-0.147539053,-0.142189532,0.52943777
-0.289653708,0.309620106,-0.140113303,0.69425358,-0.4048754,-0.184819186,-0.124437387,0.52833099
-0.305335415,0.255801433,-0.203362336,0.640336091,-0.407336669,-0.172031295,-0.118731635,0.565868623
-0.295332761,0.2874253,-0.120779177,0.632137819,-0.432866286,-0.174245698,-0.121312368,0.583687497
-0.305381606,0.292782555,-0.185358699,0.623085516,-0.43001533,-0.201679295,-0.114970107,0.591489062
-0.339689658,0.301592582,-0.181809896,0.631836935,-0.432465547,-0.216833962,-0.126468236,0.600230788
-0.418341919,0.343868866,-0.158693646,0.678000766,-0.432593754,-0.220043415,-0.115526365,0.619973022
0.203148918,0.799610236,0.622132193,0.996469469,0.204984543,0.818876234,0.358186539,-0.509544679
0.155860017,0.827594107,0.575547097,0.919283116,0.295108241,0.849327462,0.341654965,-0.353482774
0.172562149,0.81430474,0.551159473,0.934625741,0.292194515,0.856340214,0.383409726,-0.293174792
0.146977099,0.801132581,0.593239804,0.937071965,0.316719546,0.839266838,0.351205523,-0.287896338
0.148727352,0.8024902,0.519850072,0.976098204,0.317710789,0.844016715,0.387984565,-0.297605412
0.201194891,0.837517216,0.466876898,0.97250509,0.297394735,0.880498842,0.392902942,-0.279321751
0.163549143,0.825439165,0.456351428,0.936181658,0.306705574,0.91111737,0.425920768,-0.282586991
0.03398985,0.806345155,0.430962303,0.905927579,0.338746696,0.938819226,0.437088414,-0.380748453
0.099877586,0.800021443,0.451521923,0.919276473,0.361955839,0.967013918,0.440190939,-0.351508609
0.039508724,0.807511991,0.481641208,0.871263157,0.336610152,0.974953334,0.37992057,-0.343483714
-0.037897373,0.820913017,0.533966908,0.91263593,0.214484433,0.946866849,0.351030493,-0.401600332
-0.002853745,0.812663282,0.524109504,0.889714166,0.217798601,1.012183401,0.321416946,-0.416160603
-0.064235675,0.837635491,0.583456471,0.884143172,0.238547166,1.081217237,0.348333528,-0.445679964
0.018555001,0.780569562,0.540388956,0.906775534,0.244373977,1.06441487,0.363519931,-0.45603532
-0.093665003,0.807631353,0.531929737,0.916979986,0.250435626,1.105911602,0.355208872,-0.409341027
-0.054818428,0.81723852,0.484653581,0.950202631,0.276734265,1.136827987,0.391606778,-0.484353127
-0.049360938,0.804204247,0.552686688,0.972188767,0.272623529,1.150534643,0.337379568,-0.463067205
-0.048226539,0.816601791,0.522881988,0.942697511,0.24651072,1.152630361,0.382819423,-0.494085524
-0.031126952,0.790904558,0.3935153,0.905948534,0.241774867,1.167110144,0.425073308,-0.552179824
-0.140966802,0.807742163,0.403332875,0.915344921,0.257538039,1.18920184,0.440524981,-0.594676704
-0.562446554,-1.661845624,-0.328003462,-0.4468912,-0.238527611,-0.572376175,-0.239550616,0.234502231
-0.630488132,-1.247289556,-0.251759823,-0.98279186,-0.215036533,-0.817777924,-0.257587852,0.422983722
-0.670675535,-1.323550159,-0.274436628,-1.003275258,-0.201373385,-0.861761139,-0.25298628,0.428283896
-0.663726062,-1.38691451,-0.279941574,-0.915790994,-0.20215958,-0.871099327,-0.270325884,0.43722859
-0.579201457,-1.385516899,-0.326853999,-1.001796241,-0.21515368,-0.905825892,-0.253624717,0.420049823
-0.588003268,-1.261019405,-0.325414703,-1.114325336,-0.195779363,-0.881267881,-0.253201024,0.419457301
-0.697011435,-1.259265256,-0.397772786,-1.143077425,-0.188963289,-0.882230632,-0.250113101,0.407529876
-0.721412294,-1.233250869,-0.454210243,-1.371307144,-0.212243846,-0.869550731,-0.259552256,0.377958656
-0.721154111,-1.259459668,-0.430543851,-1.390270109,-0.197768276,-0.881970716,-0.264668118,0.373764127
-0.74197965,-1.394162114,-0.423389964,-1.438200426,-0.201282986,-0.882496998,-0.241433556,0.363480872
-0.59965741,-1.296617248,-0.236256116,-0.972875606,-0.163206231,-0.983291115,-0.201853619,0.402109297
-0.62138557,-1.253069253,-0.255000564,-1.173291603,-0.155551783,-0.937449139,-0.213074763,0.384558299
-0.713459897,-1.26410444,-0.257616681,-1.076319495,-0.164098088,-0.916692402,-0.207083938,0.383837852
-0.656798005,-1.227743948,-0.268037559,-1.118117013,-0.151166074,-0.905961083,-0.20306609,0.379233944
-0.684845437,-1.196216381,-0.260666324,-1.177186001,-0.152850111,-0.924446531,-0.200733441,0.383228098
-0.654748336,-1.212456928,-0.227594225,-1.14060542,-0.167491822,-0.906157283,-0.197650897,0.379101207
-0.688625071,-1.267753444,-0.317205583,-1.07435149,-0.158155177,-0.914059721,-0.204925247,0.36179139
-0.636202399,-1.257868191,-0.318417647,-1.18392445,-0.162526511,-0.915139359,-0.24234479,0.352201117
-0.719851523,-1.260984779,-0.393120579,-1.260989117,-0.154773277,-0.927855275,-0.249027328,0.33956789
-0.678059644,-1.327161428,-0.359709708,-1.550416344,-0.140727241,-0.934881688,-0.25847583,0.322004269
-1.336656998,-0.376604475,-1.366585611,0.013513643,0.054635459,1.073303805,0.478694455,-0.536334348
-1.241724639,-0.426940031,-1.720760265,-0.221424856,0.070469443,0.773081128,0.419178967,-0.418478465
-1.34334833,-0.426151925,-2.041168968,-0.309909759,0.020490249,0.740702671,0.352485345,-0.418612114
-1.396799754,-0.414491702,-1.641823609,-0.291820726,0.00911532,0.761775936,0.383277563,-0.385491907
-1.364397512,-0.334419074,-1.727247412,-0.298876202,0.029150302,0.751676988,0.35862442,-0.426883955
-1.357306988,-0.316108663,-2.257927479,-0.18314367,0.020613137,0.746150017,0.35921882,-0.407367863
-1.296824288,-0.236410052,-2.164937887,-0.209165204,0.021756324,0.728531115,0.315207807,-0.41051641
-1.324709003,-0.270233558,-2.144003257,-0.153912631,-0.016123549,0.648766132,0.330176225,-0.462813972
-1.235126183,-0.287910919,-2.196857861,-0.150681971,-0.009235322,0.673945431,0.322123053,-0.419332986
-1.256664067,-0.282493736,-2.101735842,-0.293666141,0.016941061,0.676699933,0.333953087,-0.375116136
-0.987192506,-0.26845106,-2.043221659,-0.258262906,0.077521336,0.505460799,0.345154401,-0.331197631
-0.983898951,-0.255833672,-1.740733702,-0.207843505,0.083312146,0.573359876,0.358347107,-0.365665838
-0.859648439,-0.225111711,-1.929121535,-0.165698087,0.098033755,0.565853797,0.370996568,-0.384584695
-1.014433323,-0.269385617,-1.937821384,-0.183729847,0.076649536,0.606947392,0.386404336,-0.310153443
-0.992388853,-0.324974944,-1.64153047,-0.176604635,0.112588394,0.648383848,0.36121746,-0.397891894
-0.954869481,-0.280554961,-1.186732933,-0.139439146,0.113829855,0.601229581,0.355403992,-0.40861071
-0.959512023,-0.260967398,-1.1672453,-0.012746722,0.109926745,0.657684712,0.338126126,-0.386325159
-0.949779344,-0.286141499,-1.234254144,-0.009436636,0.133875743,0.70231557,0.341915187,-0.425916515
-1.04040139,-0.295948292,-1.044160108,0.017544539,0.105206259,0.687884639,0.330783443,-0.453981864
-1.019426734,-0.265797383,-1.044027263,0.035080749,0.114267742,0.695181959,0.345363879,-0.430782795
-0.704339367,-0.999418496,-1.366706059,-1.755997637,-0.162461627,-0.77794608,-0.273347173,1.050355052
-0.781834411,-0.927469655,-1.511856851,-1.356134362,-0.137015907,-0.873122081,-0.239651378,1.202206416
-0.740597879,-0.844064422,-1.374321628,-1.05680493,-0.073265952,-0.934944166,-0.201509095,1.305472875
-0.72389159,-0.907266253,-1.271730786,-1.072184585,-0.040368303,-1.02299857,-0.169544443,1.370138234
-0.636400998,-0.880019515,-1.138107024,-1.110149561,-0.013932527,-1.100301448,-0.137104705,1.40884607
-0.603760741,-0.837190447,-1.245882627,-1.24663225,0.022820605,-1.141332006,-0.110261889,1.475539717
-0.473795646,-0.900068952,-0.977902386,-1.248526355,0.033209151,-1.170110359,-0.109504462,1.498277641
-0.479181827,-0.911334655,-1.071802341,-1.199059161,0.027186241,-1.189211068,-0.087257227,1.525327555
-0.347253621,-1.008483276,-1.077299291,-1.511262004,0.07444306,-1.216202622,-0.070728938,1.556975024
-0.432655322,-0.940813768,-1.100634176,-1.647756336,0.037067191,-1.214218707,-0.088243741,1.585339799
-0.668230882,-1.254772689,-1.012737935,-1.271607168,0.012842552,-1.229760738,-0.376621164,1.587742143
-0.6952746,-1.187916156,-1.106059208,-1.204542555,-0.008603115,-1.191668919,-0.400272613,1.615236334
-0.789986568,-1.245762386,-1.000059473,-1.221438669,0.003437298,-1.207533614,-0.373875858,1.635354921
-0.671236843,-1.186772842,-1.029054594,-1.27392847,0.009790924,-1.181039725,-0.350962644,1.62994784
-0.73123001,-1.231709663,-1.102470724,-1.320826552,-0.005393847,-1.199827328,-0.341848963,1.648273492
-0.662989579,-1.204689514,-1.176716347,-1.373740772,-0.000580039,-1.216808651,-0.338598389,1.64961343
-0.635254435,-1.279289297,-1.227351563,-1.46371865,0.014514903,-1.217632467,-0.298206876,1.650885892
-0.650269102,-1.174788541,-1.328259331,-1.5143954,0.013203793,-1.227676209,-0.264401693,1.637022843
-0.686964562,-1.18338917,-1.345865416,-1.590531605,0.022207861,-1.238760655,-0.23597431,1.627595486
-0.672121101,-1.176487223,-1.383829394,-1.429328241,0.02502553,-1.243384307,-0.225538284,1.643072647
-0.923239796,-0.679660543,-1.841574269,-1.521234763,-0.595474635,-0.658769158,-0.796291863,0.232803694
-0.806647958,-0.878089913,-1.760702307,-1.615443585,-0.708485795,-0.596201519,-0.952893746,0.408069633
-0.797169679,-0.879887721,-1.388793512,-1.552357697,-0.850864698,-0.558856699,-1.115038258,0.478503753
-0.70496005,-0.931778012,-1.17480668,-1.588174593,-0.998241973,-0.551236381,-1.218336563,0.510601035
-0.784017477,-1.052714571,-1.253955284,-1.534791315,-1.030862221,-0.518017381,-1.24760757,0.53376169
-0.941438085,-0.999118272,-1.114859792,-1.58017883,-1.072910068,-0.521809219,-1.269525652,0.561415956
-0.931190635,-0.974485377,-1.193520715,-1.455699788,-1.089145767,-0.526389203,-1.29157135,0.570548191
-0.969804692,-1.101390982,-1.116903525,-1.378014462,-1.110157334,-0.524308115,-1.334644147,0.6091013
-0.942997804,-1.080435197,-1.218362113,-1.407656953,-1.118820053,-0.519674954,-1.384322923,0.621298454
-0.977597936,-1.07598183,-1.157452816,-1.399299789,-1.121041728,-0.509852069,-1.336636047,0.636831388
-1.186363407,-1.242019638,-1.469760589,-1.396414246,-1.386902603,-0.587393397,-1.619262484,0.738187125
-1.23282512,-1.154435073,-1.328303086,-1.375202823,-1.369491267,-0.585768125,-1.604020898,0.734106712
-1.20039728,-1.153756787,-1.2484631,-1.326676195,-1.356312596,-0.555568452,-1.605128355,0.792078511
-1.196321643,-1.285567351,-1.500425793,-1.410174907,-1.356837453,-0.541591289,-1.605754845,0.792085693
-1.058771261,-1.23478606,-1.372144568,-1.346948529,-1.36175252,-0.535490731,-1.599650406,0.809603832
-1.077130011,-1.162892768,-1.421193708,-1.437643861,-1.354718528,-0.55295447,-1.595779904,0.833680181
-1.09223236,-1.266343959,-1.576100165,-1.606275757,-1.342335265,-0.528174403,-1.620182594,0.841082895
-1.120485954,-1.106803951,-1.21738478,-1.416701004,-1.355652089,-0.533402623,-1.583116645,0.848154786
-1.151034588,-1.215165694,-1.248224295,-1.51603795,-1.347912696,-0.526716418,-1.585541318,0.863911735
-1.09543652,-1.139748993,-1.284477504,-1.490513193,-1.343502411,-0.52199089,-1.579119233,0.855175546
-0.143342009,-0.317095817,0.105998974,0.046630008,1.420919202,-0.743187691,1.083358162,0.398178984
-0.195324985,-0.33237185,0.21407468,0.005350162,1.399024298,-0.547694246,1.19705917,0.446665395
-0.207356966,-0.26024668,0.34418897,-0.037106343,1.389168797,-0.504428179,1.238568185,0.478574618
-0.18345253,-0.198173355,0.481551313,-0.041676336,1.412765974,-0.473879498,1.270855321,0.51817041
-0.159870721,-0.391512907,0.436893125,-0.059251111,1.42430524,-0.471570032,1.31020719,0.532132883
-0.180468029,-0.388447629,0.401887826,-0.045065006,1.419204749,-0.450303668,1.306879134,0.547647906
-0.19464526,-0.386874571,0.423587673,-0.080991143,1.417855686,-0.425014635,1.37504118,0.561436995
-0.218056505,-0.239479649,0.411619327,-0.141084119,1.416909027,-0.440722344,1.398071437,0.605872685
-0.274441906,-0.289884631,0.468240725,-0.102643942,1.399106352,-0.432506864,1.412450185,0.604802831
-0.139303601,-0.30728778,0.382705674,-0.151410721,1.396780565,-0.411298895,1.42272663,0.634980303
-0.235626878,-0.315181275,0.421370553,-0.028571212,1.409347602,-0.537734321,1.250636185,0.554805971
-0.180505816,-0.336865128,0.417569962,-0.071368439,1.407849807,-0.480846592,1.289088262,0.574934037
-0.211492228,-0.375747682,0.430285469,-0.044261936,1.453432936,-0.461275473,1.287447276,0.591654075
-0.179865739,-0.274271017,0.450319245,-0.026800116,1.416600122,-0.459170283,1.37737549,0.601514301
-0.261079586,-0.341132006,0.38057295,-0.048131586,1.458314612,-0.442759272,1.376015375,0.623237704
-0.299612595,-0.275405529,0.420964718,-0.151278609,1.424423348,-0.445262753,1.399600698,0.643972506
-0.18155698,-0.255748836,0.432436736,-0.148909726,1.451120936,-0.428374616,1.452420049,0.651579244
-0.166978211,-0.230338137,0.409466745,-0.237435145,1.426592351,-0.429012987,1.420109247,0.652622016
-0.189540781,-0.256832084,0.349556633,-0.123736794,1.420719998,-0.420424319,1.438313685,0.66307566
-0.274569458,-0.312276629,0.394404186,-0.115549568,1.467171092,-0.437039858,1.424369799,0.675687875
-0.465475067,-0.326071667,-0.465916165,-0.558051419,0.415688125,-0.08405671,0.556893657,-0.857755565
-0.781674879,-0.339104982,-0.475822082,-0.587583664,0.700515313,-0.093945366,0.714441917,-0.906726849
-0.721486911,-0.308114091,-0.431021993,-0.538302321,0.788728521,-0.077590731,0.777462866,-0.933123493
-0.857451064,-0.375900286,-0.487645431,-0.644153119,0.845912033,-0.082339193,0.89792862,-0.965148521
-0.952997603,-0.366138083,-0.439110126,-0.690230193,0.90219304,-0.05718796,0.974191663,-0.987117396
-0.827176837,-0.300148894,-0.664487978,-0.654669147,0.924815872,-0.061085959,1.032149258,-1.026210897
-0.77617312,-0.316770636,-0.683175817,-0.796079862,0.967362709,-0.096928523,1.106568154,-1.090838655
-0.751016561,-0.325025985,-0.699332846,-0.725032826,0.967382769,-0.127197263,1.113009162,-1.091883682
-0.704183623,-0.331687295,-0.738194794,-0.815496602,0.991105233,-0.130660493,1.172915243,-1.133937028
-0.75019453,-0.311148847,-0.834568362,-0.7257804,0.986018372,-0.12858013,1.187104464,-1.171749606
-0.675941526,-0.287139916,-0.267115132,-0.333110958,0.942255938,-0.041223817,0.798204692,-0.980909319
-0.911577615,-0.261946238,-0.210124729,-0.380234245,1.010977688,0.028373926,0.832752056,-1.018921965
-0.791660894,-0.324901549,-0.233917506,-0.408054832,1.011140059,0.029254398,0.892100312,-1.072332183
-0.73926967,-0.327728677,-0.271581343,-0.515691718,1.00430435,0.039209195,0.961119922,-1.121647549
-0.718791305,-0.257636358,-0.254041358,-0.537218348,1.010498773,0.039351005,0.993674895,-1.153499404
-0.809373595,-0.281458864,-0.276560716,-0.557637432,1.04660273,0.068420753,0.964874141,-1.194591383
-0.737148366,-0.31000965,-0.42288567,-0.734915492,1.033097947,0.031549864,1.052413543,-1.19398836
-0.724585377,-0.354568608,-0.353153849,-0.74788336,1.037479669,0.047874703,1.067722933,-1.294823691
-0.654611538,-0.289173757,-0.42787818,-0.837504338,1.075517875,0.028434946,1.09888201,-1.302806474
-0.764754494,-0.338785351,-0.48157944,-0.816217767,1.061110728,0.04227008,1.126039066,-1.281855885
-1.253936343,-1.368800966,-1.179701294,-1.169648071,-0.272228347,-1.250193661,-0.741897365,0.89809167
-1.234432973,-1.458259862,-1.05984166,-1.102507396,-0.232677395,-1.210244089,-0.760560146,0.910118008
-1.13166396,-1.446012705,-1.203578655,-1.398551863,-0.23750846,-1.210690139,-0.752206529,0.92837212
-1.111424771,-1.471713624,-1.11143974,-1.326465323,-0.243597989,-1.191111259,-0.757103466,0.930093633
-1.101218047,-1.651032886,-1.194969787,-1.339487903,-0.250643338,-1.207749831,-0.773459857,0.926792466
-1.11730056,-1.359728263,-1.202202226,-1.571901977,-0.260318705,-1.19286244,-0.785001754,0.937043908
-1.145760616,-1.437031309,-1.228681385,-1.73642602,-0.246609334,-1.191331081,-0.78647021,0.940159716
-1.125138326,-1.48246736,-1.211050548,-1.822188629,-0.241950434,-1.199291116,-0.77519263,0.934684345
-1.093405736,-1.504821053,-1.197392953,-1.714998068,-0.245333946,-1.191648606,-0.785279431,0.924568622
-1.132200481,-1.54664485,-1.279143479,-1.714590541,-0.259919627,-1.183510552,-0.771155582,0.92270929
-1.084419045,-1.541122222,-1.267825148,-1.751152236,-0.227105281,-1.254885805,-0.777813713,0.894220968
-1.166928143,-1.526289347,-1.272579383,-1.850281273,-0.250355983,-1.198077546,-0.790182564,0.907492333
-1.080202039,-1.59630077,-1.403348826,-1.289101483,-0.26948506,-1.191996013,-0.785934656,0.681881817
-1.066911901,-1.060171566,-1.16875133,-1.347386043,-0.287196826,-0.945536236,-0.759917683,0.694235892
-1.10686848,-1.343139536,-1.26367485,-1.654655852,-0.26209113,-1.177656358,-0.752218841,0.888510859
-1.065962367,-1.385847825,-1.231438815,-1.62837463,-0.259197382,-1.159853798,-0.769472885,0.893877569
-1.137399229,-1.187291822,-1.324232656,-1.243922198,-0.300293754,-0.896616712,-0.761039703,0.680793033
-1.086772206,-1.09638373,-1.308883163,-1.309703438,-0.290509065,-0.922935785,-0.757538094,0.68693979
-1.165744093,-1.08098612,-1.172135835,-1.252661887,-0.26944863,-0.919977712,-0.743718054,0.684578827
-1.043752247,-1.351318973,-1.102074269,-1.322693083,-0.268334965,-1.14322086,-0.751032897,0.661066083
-0.21100104,-0.438072737,-0.465468042,-0.49733998,0.475743823,-0.815655402,0.258941354,-0.065328498
-0.182171096,-0.557582563,-0.45354157,-0.523662364,0.55375392,-0.777190211,0.299046115,-0.033468919
-0.203072573,-0.609347958,-0.450014098,-0.539620315,0.564309748,-0.773347472,0.290000583,-0.011544343
-0.259702107,-0.499095032,-0.413784648,-0.562013204,0.548954026,-0.773109864,0.3136351,0.007650198
-0.222966642,-0.525510309,-0.447884921,-0.63532493,0.561809961,-0.749798387,0.310465819,0.018100685
-0.166082375,-0.621367662,-0.520833695,-0.634507169,0.569476613,-0.740485441,0.309170958,0.033720495
-0.247666704,-0.585351228,-0.400729475,-0.618825111,0.603015317,-0.753762369,0.289194132,0.032275578
-0.233509386,-0.564534589,-0.489509607,-0.568631505,0.604233728,-0.748951792,0.292052766,0.048504306
-0.252380544,-0.517141768,-0.474189429,-0.566378551,0.573155323,-0.762774392,0.288991079,0.047301609
-0.239785547,-0.513658527,-0.416909873,-0.687834649,0.584929225,-0.780996782,0.309947423,0.052050861
-0.193790674,-0.462308158,-0.467824718,-0.558751528,0.610165483,-0.982855313,0.289962857,0.005038644
-0.253087303,-0.501596405,-0.515479281,-0.597348481,0.572957189,-0.886618331,0.31280852,0.013607115
-0.221498419,-0.541600172,-0.517786953,-0.612435569,0.573753426,-0.841331259,0.334910211,0.015845661
-0.267449174,-0.522957776,-0.5513163,-0.631594384,0.595107446,-0.824085422,0.313557809,0.028518226
-0.284936234,-0.540123793,-0.550941439,-0.673477518,0.584201767,-0.803475209,0.305382485,0.045635248
-0.383651576,-0.541530508,-0.526068772,-0.634011988,0.619271661,-0.779172148,0.308718114,0.053907369
-0.334850114,-0.53587524,-0.516400752,-0.66539454,0.636236721,-0.782501318,0.33044036,0.044725936
-0.344146432,-0.577034914,-0.510824717,-0.785737182,0.635660728,-0.776995703,0.315243496,0.082116892
-0.563102381,-0.568321088,-0.471058636,-0.859999761,0.658545592,-0.785348547,0.334436163,0.097665858
-0.597370951,-0.562246457,-0.442367259,-0.966406922,0.674483064,-0.789648023,0.310392289,0.115495645
-1.228022258,-1.317875242,-1.088446857,-0.926747588,0.532543667,-0.931732355,0.365935254,0.474702417
-1.643273554,-1.297044914,-1.248190024,-0.932760942,0.634654569,-0.967020228,0.395460777,0.55078466
-1.496796042,-1.252220249,-1.664957918,-1.004310257,0.64595889,-0.991701888,0.449041877,0.575353434
-1.560153604,-1.254830333,-1.665783205,-1.130055863,0.639962842,-0.97826102,0.466187394,0.569814005
-1.596597237,-1.246877797,-1.70706896,-1.166296607,0.638171243,-0.993936803,0.502455673,0.560972198
-1.764968933,-1.256739537,-1.976235886,-1.293623567,0.646398492,-1.015526463,0.506095741,0.565734398
-1.537917312,-1.21357645,-1.961885512,-1.426120563,0.64690022,-1.020128842,0.558398142,0.557661916
-1.601562339,-1.188177126,-2.682933019,-1.419546764,0.637702079,-1.029106866,0.541412722,0.578871504
-1.7373617,-1.141023594,-2.288574459,-1.374614601,0.674329242,-1.024050825,0.550852548,0.56050529
-1.446445111,-1.046486611,-2.208452826,-1.377439432,0.673180466,-1.028727338,0.539397331,0.551582808
-1.529297317,-1.119214134,-0.68570235,-1.034772232,0.667225013,-1.033812436,0.389071626,0.752567654
-1.595012389,-1.125945643,-1.07992729,-1.110005841,0.673901494,-1.007098739,0.429090938,0.733999143
-1.507518094,-1.047522654,-1.126103155,-1.120245611,0.664093283,-1.000646272,0.45306252,0.734510513
-1.423784312,-1.06129839,-1.491508596,-1.064552081,0.706687586,-0.999847079,0.480369539,0.693810353
-1.422881732,-1.165126889,-1.418472708,-1.115866076,0.676294868,-1.001400632,0.518510293,0.693558928
-1.624649742,-1.133498007,-1.79740229,-1.16136907,0.68720137,-1.00325732,0.497112647,0.67128451
-1.676458276,-1.108800248,-1.694852821,-1.225675589,0.694072043,-1.025328246,0.505521756,0.654355813
-1.898879225,-1.079558495,-1.976498817,-1.250556789,0.695218738,-1.016637759,0.528365294,0.617074433
-1.803455278,-1.120452847,-2.336065275,-1.275321944,0.686996079,-1.027770281,0.5421325,0.612748302
-2.183616283,-1.071692077,-2.344071763,-1.294521038,0.694641469,-1.032374048,0.547054439,0.594249731
-0.959154181,-1.131203225,-0.853011332,-0.571068657,2.460853675,0.346780179,2.743638749,-0.258420295
-0.982251877,-1.246338747,-0.824465732,-0.634365195,2.532011101,0.277400651,2.82896841,-0.23002909
-0.828724814,-1.404380664,-0.979207986,-0.609630996,2.610825007,0.208406296,2.863003396,-0.193415012
-0.889041435,-1.530908013,-0.840510903,-0.65037102,2.625366223,0.177519088,2.85672482,-0.024040851
-0.883354204,-1.788556728,-0.877101416,-0.582789817,2.665881523,0.092946659,2.880800847,-0.066343748
-0.919596311,-1.984720845,-1.048143932,-0.733000673,2.692068522,0.067865899,2.90504334,-0.021500508
-0.851144107,-1.804395594,-1.075687843,-0.756910504,2.738537464,0.041958044,2.905232668,-0.043278255
-0.785755685,-1.779953711,-1.132373215,-0.926921874,2.747733084,0.021990999,2.938698425,-0.031273714
-0.946944496,-1.769090273,-1.049170305,-0.953295972,2.778208599,0.013362904,2.940063339,-0.052781097
-0.962569032,-1.848898708,-1.171944911,-0.91218531,2.815044456,0.008784683,2.963639241,-0.033820164
-0.826375795,-1.675174127,-1.121680743,-0.971404873,2.849159195,-0.054158944,2.956929509,0.020435719
-0.915793116,-1.792955555,-1.033371685,-1.205012323,2.884417291,-0.052029909,2.985522642,-0.015103633
-0.985137874,-1.671160578,-1.111822431,-1.251259914,2.896642024,-0.061275531,3.021037874,-0.014239378
-1.005656044,-1.643322106,-1.168613672,-1.350263562,2.929748843,-0.072020566,3.017875295,-0.043125149
-1.049123991,-1.664783335,-1.133792528,-1.335391319,2.95536283,-0.082782838,3.010440576,-0.073107365
-1.014167641,-1.606184775,-1.13539378,-1.545891232,2.97158536,-0.107235906,3.036463305,-0.050773989
-0.872044588,-1.564448415,-1.170117338,-1.404293917,2.974931708,-0.113215946,3.071005623,-0.06857476
-0.975588416,-1.581292703,-1.189181631,-1.47878106,3.010028163,-0.122679398,3.079923664,-0.075194259
-0.928995069,-1.565979446,-1.142176271,-1.386802231,3.019544777,-0.149576972,3.126053959,-0.065181861
-0.909614714,-1.539647727,-1.412863195,-1.333895792,3.022832069,-0.154945422,3.123259978,-0.102707404
-1.034114187,-1.005062073,-2.144086089,-0.911399114,0.152368185,-0.775733791,0.157528754,-0.013759242
-0.991379464,-1.287378707,-2.193655391,-1.212790428,0.121312672,-0.98158608,0.168806996,0.175539824
-1.207693362,-1.338816435,-1.818720921,-1.40967425,0.13021595,-1.086959557,0.153729066,0.251660298
-0.961468218,-1.561287802,-1.734600573,-1.281268633,0.132357013,-1.132632972,0.143537598,0.307801939
-0.966168919,-1.670193431,-1.66366983,-1.169713255,0.132010611,-1.17476022,0.125793379,0.35638413
-1.020407406,-1.710698944,-1.510946398,-1.115945987,0.143996385,-1.194085079,0.110558496,0.406913821
-1.022848525,-1.882626764,-1.640458388,-1.043798971,0.115455232,-1.221707464,0.105306746,0.405762752
-1.183960067,-1.82824996,-1.44686469,-1.018672028,0.134856684,-1.246849781,0.112400653,0.430650651
-1.177984726,-1.88031042,-1.298708793,-0.989067284,0.114634309,-1.249874402,0.074434499,0.447177547
-1.177995954,-1.823368108,-1.135895398,-0.930745556,0.119040201,-1.253924629,0.063171775,0.469315202
-1.161730323,-2.074283378,-1.84037689,-1.093215198,0.358249395,-1.439564178,0.20768924,0.470860007
-1.172750603,-2.140956154,-1.637332171,-0.994423417,0.330817078,-1.39284872,0.183288695,0.503578232
-1.176507003,-2.154542524,-1.521255873,-0.945955513,0.297321013,-1.392203432,0.160332528,0.536627637
-1.152459734,-1.993079992,-1.498152072,-0.891069786,0.301518372,-1.389725374,0.167667723,0.56487534
-1.151138482,-2.096542601,-1.30792955,-0.924786232,0.297099571,-1.405345098,0.156835513,0.602381732
-1.040660516,-1.991723449,-1.190963822,-0.966570189,0.291334232,-1.38653984,0.14843047,0.63294088
-1.086956598,-2.138699367,-1.145349977,-0.881334171,0.268489564,-1.387999937,0.104641758,0.643810539
-1.015487649,-2.108612917,-1.138897298,-0.935611781,0.276012899,-1.399814496,0.099816159,0.678519885
-0.983703183,-2.119678326,-1.039228021,-0.908900779,0.2681579,-1.409039121,0.073502425,0.696505748
-0.947475193,-1.975029759,-1.071849686,-0.987742725,0.277502016,-1.412929572,0.049588157,0.710526353
-0.024918261,0.959787136,-0.290327188,0.726336735,0.907433505,-0.633544533,1.167659072,0.975370755
-0.039238594,0.958737211,-0.270596407,0.720454726,0.973742185,-0.603760652,1.236919004,0.986952985
-0.039673484,0.975941868,-0.2463246,0.738443213,1.022701413,-0.559394774,1.235893996,0.977371733
-0.027779804,0.985766432,-0.163379712,0.736178791,0.984471349,-0.543708989,1.273096722,0.945484855
0.104360491,0.976085975,-0.231466536,0.740623625,1.0192051,-0.516804184,1.271221754,0.950400224
0.053192973,0.979648626,-0.161081887,0.652952013,1.040897876,-0.503742166,1.298851063,0.989082137
-0.058286543,1.008132714,-0.004795468,0.64298547,1.072160934,-0.467745199,1.250972011,0.982094865
0.072608161,1.002996126,-0.017962676,0.650351786,1.065639943,-0.463791983,1.166667618,0.961733281
0.041265611,0.967400998,0.044379844,0.677348861,1.051646888,-0.42778109,1.142901222,0.939559375
0.173938315,0.942436162,0.181909213,0.716933845,0.979655925,-0.392765448,1.119839413,0.879528305
-0.034606665,0.989695656,-0.231371091,0.765364801,1.099983237,-0.465394146,1.371627401,0.885471496
-0.031500364,1.014906587,-0.206522032,0.764476137,1.075260614,-0.43623175,1.397270277,0.879292556
-0.0518259,0.970858833,-0.180485335,0.75688336,1.056279066,-0.403906478,1.322699872,0.866252997
-0.019778398,0.992621828,-0.191463972,0.782370773,1.052579174,-0.389753806,1.348399798,0.853081408
-0.058945861,1.030433666,-0.227004061,0.760275782,1.063746749,-0.395488779,1.330527578,0.841231037
-0.014886582,0.98050192,-0.148869012,0.66145608,1.05431069,-0.35817551,1.343719482,0.875963811
-0.017251739,0.995835438,-0.045524932,0.685650885,1.034797906,-0.344969127,1.308054488,0.883167145
0.066495337,0.946496704,0.021730487,0.679275085,1.022667685,-0.299786056,1.242718681,0.853997508
0.048589802,0.964931358,0.049132784,0.681566816,1.036477327,-0.286474817,1.242724847,0.842587936
0.04259083,0.999817172,0.106409065,0.702092161,1.014744425,-0.288667046,1.222645674,0.834635453
0.156894064,-0.813739189,-0.178925386,-1.28312822,-0.101588706,-1.100182294,-0.29779732,0.809596865
-0.138801942,-0.821164927,-0.163262989,-1.316592,-0.097988913,-1.026808868,-0.269218929,0.807155629
-0.127038743,-0.825130039,-0.157087879,-1.230690841,-0.035362256,-0.966434595,-0.192963037,0.779731474
-0.162450246,-0.855347057,-0.174020474,-1.382108393,-0.016184453,-0.954033176,-0.194929821,0.771193293
-0.388083089,-0.9234128,-0.216650568,-1.240629639,-0.035751724,-0.926001591,-0.166969449,0.746263942
-0.157273149,-0.890283855,-0.206718869,-1.313162576,-0.034927339,-0.916740949,-0.169482793,0.747459812
-0.274806696,-0.960733598,-0.228307387,-1.315203933,-0.012232132,-0.89242317,-0.123310156,0.740613556
-0.26544732,-0.948168061,-0.204297618,-1.323832439,-0.005912331,-0.88052052,-0.124054787,0.733212294
-0.261020936,-1.059777161,-0.268017414,-1.298003126,0.001645847,-0.861010582,-0.088259438,0.719287112
-0.255360766,-0.967923158,-0.224772565,-1.307449813,0.012829897,-0.841479046,-0.098484516,0.707337238
-0.276108264,-0.842418007,-0.275408676,-1.251168172,0.014330039,-0.960061248,-0.12999036,0.661428284
-0.231908461,-0.979918201,-0.198085496,-1.245400947,0.008339577,-0.868543005,-0.116617462,0.670252069
-0.31163235,-0.938418744,-0.245930849,-1.171415585,-0.006682867,-0.845992522,-0.112503569,0.659562693
-0.184436072,-0.979890425,-0.216125129,-1.18217154,-0.003574055,-0.834670497,-0.123256345,0.651134184
-0.279560721,-1.026230425,-0.23238003,-1.302759557,0.018488682,-0.822718586,-0.077030272,0.672486171
-0.292280589,-1.049891483,-0.254855473,-1.249049991,0.003983236,-0.810905291,-0.07639861,0.662228501
-0.267604993,-1.030545546,-0.269262143,-1.215660444,-0.001170494,-0.803008078,-0.079410782,0.663420595
-0.225563969,-1.056618225,-0.276315561,-1.191189845,0.029863475,-0.803716241,-0.034820278,0.661535025
-0.366441238,-1.076839149,-0.282573255,-1.111712402,0.009938799,-0.796306025,-0.055833761,0.647457997
-0.311880244,-1.112976517,-0.278030342,-1.169378361,0.030471376,-0.793727381,-0.036222938,0.661073629
0.451666476,0.282013221,-0.640313667,-0.049539889,0.781147182,0.582473113,0.02011085,-0.030526501
0.392313287,0.282676607,-0.664751426,-0.095991165,0.640870239,0.372812599,0.011849547,-0.135005957
0.39262407,0.152268897,-0.621338539,-0.224987801,0.638563799,0.362701014,-0.002823421,-0.1092011
0.331366726,0.23610823,-0.696161762,-0.29655145,0.585075752,0.342248205,0.016676995,-0.07812564
0.255221939,0.18687633,-0.579643836,-0.372673944,0.526136373,0.30308464,-0.049788714,-0.032970447
0.225291181,0.173176355,-0.573109186,-0.507748216,0.488903516,0.286003245,-0.012353184,-0.018777249
0.184038881,0.235419206,-0.510914234,-0.455366082,0.542184652,0.347233861,-0.011185929,-0.010996864
0.27859483,0.22612956,-0.540311675,-0.432969854,0.532812479,0.362238205,0.050562762,-0.000578969
0.331107137,0.300493388,-0.551420541,-0.559898033,0.524976909,0.359953846,0.017343544,0.013470803
0.279391988,0.198207309,-0.413219787,-0.495813335,0.575329162,0.356817045,0.007994409,0.022489431
0.411760781,0.156925585,-0.604672679,-0.169483582,0.419886431,0.225903636,-0.208630995,-0.135182946
0.410165631,0.124764886,-0.692638915,-0.10641538,0.43961788,0.258603658,-0.169809432,-0.12057299
0.369329378,0.149889186,-0.722117334,-0.074234979,0.470326384,0.276474034,-0.162035101,-0.130373452
0.463308858,0.122783671,-0.666932402,-0.059648131,0.477305126,0.256144639,-0.132308592,-0.079608883
0.415924285,0.192796915,-0.662851714,-0.095415635,0.477027384,0.299173278,-0.111057876,-0.065377775
0.475822769,0.151840232,-0.689959924,-0.126770076,0.419813001,0.263549053,-0.094821188,-0.086889675
0.512239381,0.175293786,-0.631854714,-0.085789654,0.372889907,0.284333309,-0.162574656,-0.091891298
0.464698271,0.147032226,-0.555646375,-0.073036163,0.408122686,0.284577305,-0.156328724,-0.063320946
0.46725798,0.20536288,-0.504936715,-0.129592572,0.366978149,0.297599925,-0.099963672,-0.054583066
0.43735937,0.155290862,-0.601568511,-0.149264678,0.386061736,0.315778653,-0.098066159,-0.021679233
0.431142825,0.548858401,0.453162029,0.437527853,0.600369674,-0.335657402,-0.230466804,0.194553085
0.283084424,0.414072779,0.445131659,0.449294611,0.564279189,-0.170234741,-0.063491019,0.196664641
0.25581346,0.378197363,0.451671637,0.449217113,0.570938734,-0.157817544,-0.006325642,0.1897206
0.22186865,0.327470282,0.471107232,0.408392003,0.586834502,-0.1534745,0.057370425,0.214844778
0.152345387,0.293993774,0.471621043,0.387362259,0.552906172,-0.152763603,0.079043398,0.231307944
0.215782809,0.289721426,0.469434787,0.404565617,0.526529422,-0.152007337,0.126899917,0.235807566
0.143169186,0.278263158,0.435307859,0.404997582,0.500900769,-0.136227711,0.123569416,0.242353552
0.154897451,0.278549308,0.457804205,0.359952479,0.496240049,-0.142694443,0.08307179,0.235255812
0.113401171,0.252069552,0.424731922,0.305222425,0.487211516,-0.143876168,0.040860668,0.204286548
0.13964077,0.270758557,0.450318512,0.321517762,0.467191687,-0.142758531,0.008267405,0.213593497
0.286812162,0.36894309,0.380900093,0.358421908,0.640464598,-0.321648582,0.10004726,0.247232092
0.294093234,0.384537266,0.395256995,0.352496086,0.646544033,-0.234749354,0.103886642,0.247955565
0.298872633,0.370682823,0.469311768,0.387937707,0.650283622,-0.215295246,0.12395892,0.270101546
0.303655232,0.372393917,0.423882361,0.377249887,0.652081306,-0.223875558,0.145453064,0.276984148
0.306478596,0.372328884,0.461076277,0.392691494,0.616709068,-0.204348832,0.157373218,0.283746646
0.289925569,0.382919117,0.421104517,0.345445271,0.615455675,-0.205011106,0.167661082,0.272390965
0.276274196,0.389980158,0.477898676,0.372498698,0.627954921,-0.197387189,0.149023101,0.265150678
0.23499559,0.375774992,0.429590658,0.341879553,0.651741922,-0.207134444,0.1431123,0.264518129
0.291254176,0.375661273,0.459664305,0.36540853,0.642585997,-0.230710831,0.10890939,0.241365062
0.292425284,0.349213485,0.488922405,0.335656012,0.646306787,-0.204269105,0.088220684,0.236599498
-1.449671882,-0.472315738,-1.051453336,-0.052494751,0.27995933,1.871245776,0.515027471,-2.396721925
-1.147008434,-0.560986021,-0.803172986,-0.340199227,0.365765133,1.608888211,0.579478378,-2.560469586
-1.05285765,-0.652957891,-0.816139401,-0.212489377,0.344901664,1.674654131,0.56385087,-2.655632681
-0.743094758,-0.585701552,-0.873719025,-0.247157263,0.353610659,1.59950188,0.57449041,-2.67094111
-0.748125774,-0.44731611,-0.809338394,-0.46054737,0.31270878,1.610383382,0.565689243,-2.7121078
-0.852239743,-0.568136648,-0.872853167,-0.297506149,0.354646581,1.582585416,0.591593041,-2.660735092
-0.942594213,-0.588181662,-0.717668784,-0.345724901,0.346979801,1.607595729,0.58825202,-2.690736438
-0.958862074,-0.494140035,-0.635726434,-0.371496524,0.369014888,1.586761774,0.659669537,-2.651157504
-0.846872707,-0.430895662,-0.559296702,-0.509097285,0.333105469,1.596757047,0.672493672,-2.663630523
-0.918869374,-0.517378185,-0.537029695,-0.546447091,0.350127606,1.611074541,0.669513749,-2.672991227
-0.687818874,-0.589136478,-0.76929842,-0.51432218,0.339591235,1.442559415,0.641736361,-2.682374609
-0.747805367,-0.50742493,-0.716644117,-0.517042831,0.335666602,1.536988472,0.63129678,-2.700950999
-0.737741637,-0.52113938,-0.65400178,-0.540298535,0.344236496,1.542212759,0.667042183,-2.715352143
-0.788055946,-0.562178342,-0.584968756,-0.68840231,0.346241391,1.552895343,0.665051827,-2.729216865
-1.009449919,-0.568909059,-0.558296204,-0.647616825,0.353868028,1.62749174,0.688951273,-2.736410467
-0.975107157,-0.538949023,-0.507850354,-0.833643156,0.364508276,1.647699678,0.668574764,-2.749756815
-0.967448632,-0.55598574,-0.468192365,-0.694111134,0.376875502,1.644613453,0.717192544,-2.735863957
-0.929870077,-0.651826766,-0.529891613,-0.673686428,0.357267939,1.652186331,0.770968641,-2.759792218
-0.832020538,-0.694005251,-0.485546215,-0.634016913,0.367200011,1.607484435,0.77734875,-2.752469818
-0.951019946,-0.68465678,-0.626813154,-0.592171794,0.36850542,1.644028081,0.816724163,-2.793304777
-0.754648645,-0.113761188,-1.509938109,0.221332978,0.914960991,-1.24585502,-0.649222514,1.476675024
-1.001772941,-0.136536967,-1.54168333,0.153029677,0.894288495,-1.455503756,-0.597678796,1.471010409
-1.072039833,-0.085563363,-1.628321371,0.157272434,0.915980409,-1.490898159,-0.531869742,1.437293309
-1.089319923,-0.155829043,-1.404102345,0.121156409,0.946478294,-1.501678487,-0.56399916,1.41797192
-0.978642499,-0.154570654,-1.524432729,0.126366646,0.924314277,-1.509791927,-0.583996784,1.383415999
-1.013321801,-0.221495536,-1.53762452,0.118193464,0.928944962,-1.533982158,-0.572603113,1.428375643
-0.983997443,-0.176825712,-1.425160661,0.07462927,0.935861491,-1.509087023,-0.579629394,1.446385382
-1.012714554,-0.166345174,-1.268898241,0.041690581,0.913387213,-1.509324042,-0.570245942,1.473385231
-0.98937588,-0.223428403,-1.345843299,0.038410854,0.914940578,-1.501733925,-0.601580026,1.462762784
-0.951053788,-0.195831082,-1.362883178,-0.008723728,0.943716337,-1.514609654,-0.586664278,1.479900128
-1.178127703,-0.230131145,-1.308151933,0.10543403,0.910805542,-1.335942442,-0.629424763,1.097108019
-1.0009961,-0.199733079,-1.356149706,0.067789515,0.950205461,-1.35396455,-0.595913498,1.099879155
-1.138883132,-0.191531821,-1.420377872,0.061193804,0.95186369,-1.311373641,-0.578064752,1.130118544
-1.142789205,-0.215065459,-1.333755981,0.04918881,0.960022568,-1.297358507,-0.553053728,1.15805204
-1.152817534,-0.212673887,-1.473263132,0.06747468,0.945178995,-1.284944268,-0.563824432,1.169976669
-1.169005225,-0.196110025,-1.463741796,0.024078257,0.941350752,-1.262320274,-0.575783004,1.21184986
-1.082495897,-0.216388338,-1.467191869,-0.062610135,0.969219569,-1.230517079,-0.572231675,1.227597615
-1.044171654,-0.212577798,-1.507415301,-0.06425253,0.968900166,-1.228848015,-0.537261763,1.225560507
-1.212812897,-0.179729073,-1.58406783,-0.1039518,0.990537895,-1.195227523,-0.531730016,1.283679209
-1.074216111,-0.165105252,-1.270803941,-0.109972208,1.00251171,-1.173611813,-0.567566888,1.328332139
-0.918519775,-0.735005598,-0.616079943,-0.614650658,0.819070988,0.060658583,0.776016116,-0.128768246
-1.000975927,-0.687443399,-0.660786505,-0.716513713,0.800574992,-0.067050981,0.793196824,-0.202724417
-0.963589528,-0.623171227,-0.597531744,-0.793533578,0.81118953,-0.161701973,0.781929592,-0.207510641
-0.778250643,-0.607333517,-0.517569382,-0.798146363,0.828856283,-0.2224198,0.740388202,-0.183136185
-0.862710763,-0.663696722,-0.510003279,-0.805636684,0.821258664,-0.279933314,0.713127993,-0.151141312
-0.756264348,-0.605086935,-0.389974213,-0.851518621,0.840607555,-0.32221848,0.694114154,-0.182417632
-0.737842445,-0.689849282,-0.30380313,-0.858868478,0.836501456,-0.338378862,0.691198484,-0.214344142
-0.672567841,-0.736688788,-0.259173697,-0.877967815,0.81973417,-0.363375726,0.678845874,-0.240244681
-0.551341562,-0.808408832,-0.1710113,-0.980211994,0.788838587,-0.369603121,0.649088063,-0.269344484
-0.496838943,-0.869549624,-0.131568066,-0.965294182,0.780331461,-0.418795033,0.607596465,-0.282483635
-0.388747104,-1.041427845,-0.502277642,-0.712209316,0.827028419,-0.448488909,0.903786509,-0.123403868
-0.271938667,-1.007219156,-0.440779546,-0.668527146,0.772803378,-0.423304482,0.855967722,-0.138103734
-0.244750488,-0.967932894,-0.400570532,-0.712520147,0.714028821,-0.415695899,0.892869949,-0.130698082
-0.26901525,-0.920087246,-0.539118136,-0.631827015,0.732071705,-0.413530266,0.934166685,-0.12779623
-0.218858481,-0.928077327,-0.525427108,-0.581002554,0.7149941,-0.432880987,0.943978332,-0.134608338
-0.296073213,-1.017290485,-0.4553093,-0.616925594,0.667329281,-0.426869509,0.951199346,-0.165371157
-0.233226793,-1.00827735,-0.471641145,-0.631424194,0.637541106,-0.425830222,0.933025408,-0.156637731
-0.21860299,-0.883349206,-0.600540228,-0.647760973,0.632423834,-0.480240927,0.953383497,-0.18009634
-0.217666543,-1.001014666,-0.507672905,-0.526601748,0.619743024,-0.458010724,0.940660373,-0.181011348
-0.235711737,-0.73661228,-0.489243145,-0.653874346,0.59816979,-0.465030557,0.933848449,-0.217203938
-0.709197575,-0.778092988,-1.149464734,-1.690042134,-0.109407235,-0.800255512,-0.145128435,0.940340952
-0.95820588,-1.027753945,-1.142281465,-1.763535484,-0.096847424,-0.78007376,-0.165329136,0.93287444
-1.161193706,-0.981961044,-1.134524418,-1.929171233,-0.135385466,-0.804100201,-0.171783506,0.942800665
-0.997078752,-0.886034816,-1.110756168,-1.883812525,-0.118728295,-0.821901955,-0.164516606,0.951009486
-1.029003491,-0.899321128,-1.056117137,-1.833449805,-0.127584622,-0.823374636,-0.177328045,0.958189265
-0.952156421,-0.914793862,-1.013928735,-1.749136293,-0.131544774,-0.838751131,-0.156808529,0.970456803
-1.047212301,-1.060834405,-1.034813785,-1.833480416,-0.155372983,-0.848233506,-0.147172259,0.978122218
-0.911543463,-0.986819334,-1.037868121,-1.887479214,-0.13590785,-0.848751972,-0.139975361,0.98538452
-1.190584215,-0.96059286,-1.056181691,-1.80907504,-0.144593979,-0.891008582,-0.137547525,0.996067708
-1.166233076,-0.949706701,-1.02650195,-1.896602317,-0.151481351,-0.888896638,-0.106075583,0.994506776
-0.616569913,-1.006656683,-1.058654389,-2.008982506,-0.04638305,-1.007955061,-0.1641646,1.003319323
-0.612693893,-0.959452656,-0.930756031,-1.931050934,-0.054350561,-0.939383832,-0.141894769,1.028516781
-0.678757538,-0.966474815,-1.106072384,-1.80548209,-0.080143392,-0.903824118,-0.092386267,1.028200503
-0.624069677,-0.990723928,-1.070759566,-1.907496492,-0.045740594,-0.920392431,-0.063542864,1.04096329
-0.685039339,-0.958430846,-1.212987912,-1.847399558,-0.005434783,-0.941207746,-0.108332637,1.061327972
-0.661720649,-0.902755951,-1.039250538,-1.46494683,-0.013536193,-0.915141996,-0.077926759,1.097534203
-0.530495708,-0.794553761,-1.115053246,-1.533725506,-0.039923007,-0.928854375,-0.141536532,1.067992545
-0.284388977,-0.935176999,-1.061356671,-1.383931983,0.031425484,-0.934506875,-0.121617606,1.08673192
-0.350281383,-0.859456996,-0.981898226,-1.289614021,0.026134669,-0.940196796,-0.084462242,1.077368554
-0.276577265,-0.847393005,-0.852203521,-1.25576649,0.032759657,-0.923582164,-0.069086331,1.075019895
-0.177860773,-0.050771971,0.121692268,0.03742508,-0.386163501,1.366661972,-0.280527651,-1.162212535
-0.078759409,-0.042620212,0.115917745,0.099231502,-0.111076024,1.349934269,-0.110228186,-1.177154511
-0.065585346,-0.004903891,0.094457274,0.062666948,0.026668224,1.268316945,0.016736856,-1.110570563
-0.025320557,0.042284057,0.007427878,0.099506543,0.110851892,1.218882546,0.056849917,-1.06687016
-0.048770541,0.035738745,-0.08026421,0.038223071,0.219480875,1.166583015,0.126338437,-1.010382969
0.02121076,0.064745986,-0.10956709,-0.057968646,0.296317475,1.128517137,0.196008179,-0.993666315
0.030894357,-0.030389788,-0.165045399,-0.120953913,0.332784718,1.075533077,0.220145598,-0.991124104
0.073338203,-0.03153533,-0.20879585,-0.317320087,0.40109679,1.077517606,0.26755356,-0.999613674
0.031322943,-0.024942279,-0.203812687,-0.233038998,0.418747688,1.048664305,0.311394548,-1.01120994
-0.033534589,-0.028721652,-0.132370337,-0.271077941,0.457668807,1.030595208,0.367470883,-1.021163551
-0.006056663,-0.302163725,0.198966219,-0.283641759,0.239173693,1.018784066,0.449309354,-1.044860591
-0.078327671,-0.237337824,0.22894301,-0.515246922,0.375157872,1.093909391,0.546093881,-1.027932945
-0.101083199,-0.19554189,0.193645829,-0.51035083,0.407289781,1.077266201,0.584338122,-1.037212136
0.001115425,-0.295971702,0.157967386,-0.712596461,0.444787161,1.07760265,0.599215553,-1.050417618
0.064298325,-0.300921249,0.095176325,-0.835473451,0.470082331,1.063357741,0.637405326,-1.062227106
0.090815344,-0.280711742,0.098703535,-1.005141916,0.495041588,1.065862128,0.663142025,-1.07016365
-0.002208283,-0.247461151,0.147907547,-1.083143694,0.496853999,1.043581527,0.726582558,-1.052487095
-0.079865172,-0.314734949,0.10086722,-1.044082402,0.513339891,1.03301199,0.7014482,-1.069408887
0.10069323,-0.255286122,0.048436893,-1.040559796,0.541204615,1.030390834,0.731671304,-1.075859765
0.027875515,-0.256355628,0.002817046,-1.04686201,0.510022762,1.024514066,0.789873723,-1.060526079
-1.190205939,-1.396063399,-1.417946994,-1.075466129,0.102557855,-0.409178754,-0.270095295,-0.09864502
-1.239709879,-1.089766445,-1.233905517,-1.065897667,0.10806772,-0.286598905,-0.302270227,0.024585908
-1.157418065,-1.277775607,-1.153185814,-1.092907625,0.116136539,-0.331094882,-0.309089386,0.041730661
-1.17669187,-1.255728043,-1.091799846,-1.077342242,0.122040207,-0.342054329,-0.278022877,0.066521297
-1.347388602,-1.114126626,-1.117361856,-1.035949514,0.137312417,-0.371339919,-0.3186187,0.090997633
-1.401517123,-1.181442108,-1.157053003,-1.042513736,0.114145355,-0.374633731,-0.25696668,0.10771594
-1.334068407,-1.238259007,-1.056094203,-1.152821514,0.15770467,-0.406678263,-0.294711321,0.118094571
-1.463371468,-1.26964701,-1.128265425,-1.086616077,0.152261988,-0.392095433,-0.28909009,0.138216163
-1.449266592,-1.221090158,-1.060333686,-1.151009943,0.155377007,-0.399592432,-0.286586758,0.150761781
-1.375707958,-1.219809819,-1.092567345,-1.229426992,0.126598583,-0.41038634,-0.264613477,0.147396352
-1.369352402,-1.300031746,-1.293847141,-1.436622652,0.14402114,-0.4784717,-0.284533252,0.237207091
-1.337607476,-1.41580742,-1.372504327,-1.315033421,0.093141772,-0.469861543,-0.31192012,0.190026551
-1.567504722,-1.374509199,-1.263549699,-1.453098834,0.099635859,-0.435224054,-0.306999908,0.201908157
-1.187479533,-1.208460011,-1.266960099,-1.363186273,0.152340661,-0.437842423,-0.297836003,0.198862952
-1.172197477,-1.146169541,-1.259493597,-1.227031578,0.168956228,-0.43725096,-0.302283086,0.184572079
-1.373223959,-1.240490273,-1.486168827,-1.286570718,0.175683211,-0.424666428,-0.277125141,0.197469793
-1.346355252,-1.246978019,-1.353033048,-1.269429035,0.153384058,-0.430296583,-0.279805827,0.203622989
-1.359599977,-1.224476318,-1.290208542,-1.279607695,0.191775523,-0.447895768,-0.263012078,0.195890204
-1.341021764,-1.138943087,-1.174468368,-1.247769319,0.199571516,-0.442779419,-0.249988162,0.17767632
-1.278009212,-1.10944144,-1.067839208,-1.312029057,0.195255145,-0.436805632,-0.23770614,0.153910324
1.109291954,1.207768435,1.783420778,1.611022402,-1.211461451,-0.154012429,-1.833701915,-1.251130073
1.038955045,1.084396407,1.771462672,1.476980892,-1.210357815,-0.318839208,-1.791148108,-1.343246625
1.049902453,1.056753986,1.536033368,1.534352522,-1.209982013,-0.346371481,-1.523364262,-1.437228333
1.079924204,1.070796502,1.349866333,1.476436352,-1.244123827,-0.346081987,-1.418121559,-1.36982425
1.002690062,1.10440535,1.305924334,1.490909685,-1.277869478,-0.308741554,-1.257452116,-1.320192789
0.79118008,0.991998301,1.188397642,1.419299633,-1.285028634,-0.214401275,-1.059044146,-1.478908799
0.840488118,0.986947699,1.17345534,1.383737959,-1.294293673,-0.222667767,-1.032386343,-1.584283444
0.819028465,0.946041797,0.947947674,1.381160289,-1.228262145,-0.250238016,-1.018804416,-1.571452576
0.915781712,0.885788847,0.790854348,1.4396645,-1.183530891,-0.255266505,-1.142045818,-1.557290441
0.951844383,0.889282306,0.898665046,1.325846328,-1.088308654,-0.2645582,-1.150874577,-1.516007866
1.059335724,1.077096104,1.461343904,1.592979492,-1.841334555,-0.426697078,-1.963314847,-1.629416223
1.0310772,1.057025965,1.521460007,1.59828634,-1.719728596,-0.450545478,-1.924612493,-1.646471042
1.038462046,1.045168742,1.56651048,1.588081327,-1.648251289,-0.394631332,-2.050085988,-1.710562096
1.053040037,0.957867851,1.520240349,1.545388979,-1.692553358,-0.322408477,-2.046114714,-1.772472735
1.061797879,0.886816127,1.294546236,1.528853609,-1.713432015,-0.238650184,-1.889742772,-1.785634823
1.017115309,0.866040466,1.101848624,1.54278256,-1.64242799,-0.272461823,-1.770196256,-1.755756885
1.012130455,0.867827019,0.965199465,1.521987331,-1.60379113,-0.250788262,-1.63903097,-1.711539428
1.075143144,0.867223722,0.898399656,1.525754798,-1.56683754,-0.271447559,-1.596352189,-1.699383269
1.114998498,0.90164372,0.903284998,1.493603898,-1.423571016,-0.300401791,-1.639360189,-1.742874765
1.165817261,0.956508559,0.871762422,1.454598391,-1.296499253,-0.314682424,-1.609073473,-1.822858253
-0.578937354,0.153260813,-0.372531606,0.157108448,-0.493711693,-0.800645005,-0.686591954,0.075870074
-0.590328587,0.185971005,-0.366718223,0.207614471,-0.498991237,-0.755361384,-0.660186919,0.097269745
-0.590011645,0.176724304,-0.367802315,0.219705662,-0.496038027,-0.75535239,-0.653008737,0.124356391
-0.618810884,0.138580793,-0.319213019,0.295131389,-0.487898217,-0.748698433,-0.658595484,0.14701083
-0.669565995,0.188112067,-0.329804872,0.294810718,-0.500078583,-0.746035493,-0.649786047,0.151273783
-0.662669569,0.168127428,-0.306712467,0.277098455,-0.503337142,-0.750092823,-0.639474763,0.15340121
-0.636632862,0.176757683,-0.322406387,0.252899768,-0.49839917,-0.755214557,-0.663134705,0.142283544
-0.65852333,0.166754999,-0.392707874,0.198649723,-0.500316061,-0.756530962,-0.68044744,0.170051622
-0.752149219,0.163713626,-0.388822186,0.200956737,-0.508861438,-0.748783629,-0.687615192,0.197468228
-0.701713905,0.151487576,-0.429178052,0.200434173,-0.522067794,-0.758542138,-0.692556461,0.210351487
-0.658975877,0.166372348,-0.024383126,0.224102896,-0.479209433,-0.82515112,-0.730838469,-0.028231346
-0.666418463,0.189802879,-0.140934437,0.199440222,-0.496310795,-0.769506332,-0.73657314,0.008538031
-0.662583066,0.185348229,-0.186973908,0.176103742,-0.509384684,-0.764021212,-0.688185656,0.039660699
-0.655866016,0.192740839,-0.241528429,0.152810139,-0.514995834,-0.767691817,-0.69027059,0.03592322
-0.650276685,0.179395417,-0.299969778,0.172204106,-0.502246737,-0.753962439,-0.681463856,0.057774251
-0.750362336,0.195587979,-0.280875757,0.184496723,-0.502037071,-0.744157211,-0.660616279,0.067254812
-0.669621154,0.190361175,-0.260785272,0.282328621,-0.528969419,-0.753645267,-0.643243928,0.11010234
-0.734075817,0.192837517,-0.283454574,0.265384078,-0.536099947,-0.748341447,-0.634704761,0.134696067
-0.76693704,0.195904967,-0.258832128,0.314057336,-0.537594846,-0.739156729,-0.649318339,0.121119932
-0.721105688,0.167583343,-0.235539087,0.299678689,-0.535308548,-0.739650433,-0.617145489,0.122426506
0.463490185,0.324876966,0.171057021,0.147754064,-0.412512388,-1.128005459,0.051744764,0.222453747
0.398517878,0.37558776,0.263112785,0.157394361,-0.436526236,-1.000098686,0.017509634,0.189272025
0.450950862,0.364360682,0.315673661,0.166427299,-0.43842465,-0.976956183,-0.027976768,0.190802248
0.425641938,0.391583664,0.355870868,0.248976513,-0.433988848,-0.950844898,-0.0544042,0.198728792
0.390223224,0.403248039,0.32611711,0.286354026,-0.457876141,-0.920117364,-0.077471902,0.203601828
0.413583354,0.377642397,0.389014931,0.22367509,-0.430366734,-0.937602005,-0.125891418,0.19999816
0.457613906,0.305748121,0.378635735,0.22955608,-0.453411672,-0.933147954,-0.156712543,0.169372949
0.424409862,0.330240181,0.382032699,0.209760287,-0.445350105,-0.919937518,-0.203530197,0.165934793
0.419042146,0.353371396,0.342132407,0.186469395,-0.438362005,-0.929925987,-0.299600011,0.147446264
0.381313017,0.358970138,0.293892982,0.162892403,-0.435298579,-0.907209793,-0.328492065,0.143500465
0.415815982,0.327400535,0.224752752,0.176071859,-0.42037753,-0.990849869,-0.361809195,0.126854576
0.407687804,0.363068841,0.254597834,0.174025578,-0.449829732,-0.950438384,-0.33618651,0.110678233
0.334196939,0.368155623,0.225114011,0.178134818,-0.434164278,-0.919927867,-0.372383358,0.112700001
0.311429826,0.415818811,0.229272844,0.217832936,-0.458960566,-0.926492974,-0.385362483,0.153970881
0.348858089,0.400765306,0.257959129,0.266765976,-0.457226813,-0.932004509,-0.413635202,0.147073355
0.390544338,0.411438862,0.33859686,0.378220318,-0.430738441,-0.918323319,-0.442428064,0.181337055
0.378921241,0.370906653,0.372368299,0.373799466,-0.427529774,-0.901635783,-0.492003012,0.206595648
0.391967544,0.365936303,0.513418197,0.295485253,-0.439250201,-0.887982894,-0.534251587,0.244455424
0.326965877,0.374388467,0.525921874,0.213251885,-0.437251457,-0.892593273,-0.594496281,0.263500714
0.329402264,0.309674126,0.515957174,0.240791918,-0.436282214,-0.867049563,-0.615710406,0.248174478
-0.904329195,-0.737187192,-0.551254068,-0.78468907,-0.417606279,-1.458203617,-0.521070548,1.57973616
-0.91534884,-0.726522444,-0.60672827,-0.844007243,-0.389844706,-1.397853659,-0.463284135,1.546493122
-0.804115093,-0.669799145,-0.585186508,-0.844531341,-0.378003553,-1.400179302,-0.436063706,1.509903581
-0.872272416,-0.634077843,-0.61279878,-0.823048049,-0.348044291,-1.420876382,-0.394608124,1.523010777
-0.854838584,-0.548811033,-0.557750806,-0.792317643,-0.348910149,-1.428340362,-0.342677857,1.468047592
-0.703795568,-0.410570881,-0.629822491,-0.910496792,-0.340141258,-1.429761739,-0.353161313,1.486464548
-0.761310362,-0.378695804,-0.55004496,-0.885966221,-0.362359634,-1.431030517,-0.355637625,1.446273781
-0.722651043,-0.273998857,-0.560195557,-0.877348212,-0.344427518,-1.440172368,-0.359221402,1.398692426
-0.713606613,-0.148744441,-0.517204683,-0.817416171,-0.367473232,-1.450360553,-0.348361851,1.329279369
-0.596391848,-0.144857862,-0.490931467,-0.722199911,-0.34167729,-1.459503174,-0.300918143,1.267958597
-0.632222805,-0.676379189,-0.453400594,-0.795605484,-0.305142319,-1.153740328,-0.614215728,1.22160774
-0.712312708,-0.709846039,-0.417332585,-0.943620047,-0.339028688,-1.205041131,-0.640378575,1.17933536
-0.695224881,-0.750004281,-0.448105889,-1.002177272,-0.338904075,-1.208865168,-0.673889043,1.164272884
-0.785621233,-0.740028097,-0.385432077,-1.021086297,-0.37143821,-1.207294233,-0.633570278,1.151780691
-0.842438558,-0.708765166,-0.391717249,-0.939915072,-0.353587629,-1.233475794,-0.629406436,1.14072996
-0.850516745,-0.662611834,-0.42051686,-0.975459594,-0.336507793,-1.255922238,-0.597084792,1.133792544
-0.76147201,-0.583175167,-0.314860922,-0.91606801,-0.347750311,-1.260616666,-0.572033511,1.147063986
-0.729829479,-0.453203335,-0.270875353,-0.949098448,-0.342547007,-1.285008441,-0.479043984,1.118853997
-0.738566384,-0.321857987,-0.406563432,-0.853806935,-0.351165121,-1.278717312,-0.403379928,1.103278014
-0.748174503,-0.276926962,-0.490589586,-0.894011584,-0.368302688,-1.306673663,-0.332259184,1.106743856
0.452553833,-0.333406608,0.34744264,-0.36539773,-0.14042834,-0.812819883,-0.047075808,0.6289775
0.421602296,-0.395510234,0.339857631,-0.416987254,-0.125169112,-0.872458743,-0.087575618,0.65314539
0.453440263,-0.411406428,0.313241614,-0.36187888,-0.103853092,-0.867643069,-0.099054445,0.644647859
0.406293246,-0.423351327,0.308234345,-0.384148028,-0.125039504,-0.888186672,-0.106446031,0.658339882
0.430283608,-0.423263964,0.32403958,-0.328081623,-0.114395268,-0.862906068,-0.140271262,0.639877797
0.414833486,-0.438001674,0.267972062,-0.296478201,-0.128919903,-0.862311753,-0.134390064,0.60811307
0.438161118,-0.443870795,0.294958353,-0.292911672,-0.145902758,-0.849688336,-0.176446093,0.623220424
0.435447612,-0.475013641,0.226088003,-0.270227377,-0.150499866,-0.836770262,-0.153597691,0.590485081
0.435691516,-0.411768964,0.30574085,-0.269028426,-0.171565996,-0.863266553,-0.186129088,0.567943456
0.40192249,-0.425438448,0.368519825,-0.235005226,-0.163740272,-0.852590702,-0.206752943,0.562871607
0.397199241,-0.429974305,0.282197386,-0.309321129,-0.16484493,-0.892432373,-0.213050404,0.579006169
0.421747664,-0.428671412,0.359473314,-0.276422541,-0.168684935,-0.85459915,-0.25268289,0.558749748
0.400367684,-0.541071813,0.375507267,-0.264242248,-0.152420905,-0.826199271,-0.233783444,0.534988092
0.412650299,-0.48811609,0.438686484,-0.273973011,-0.177445468,-0.827640869,-0.259531171,0.533541333
0.449318217,-0.531655774,0.428159334,-0.265407549,-0.174252546,-0.837023306,-0.280081968,0.530105641
0.396751792,-0.49706728,0.413849274,-0.243130706,-0.175626674,-0.830791916,-0.300504199,0.526742423
0.406713296,-0.478075852,0.430608644,-0.256421908,-0.173475991,-0.82758612,-0.320681548,0.519603465
0.398690943,-0.489569079,0.491593534,-0.195608939,-0.186143755,-0.83095284,-0.325745379,0.524059856
0.366810075,-0.506405932,0.448518749,-0.219769118,-0.19764877,-0.829725122,-0.334665541,0.502178877
0.390271372,-0.509590176,0.44075318,-0.255800922,-0.19782917,-0.830514612,-0.388071999,0.442705616
-2.57457576,-1.190159209,-0.864268884,-0.443167122,1.34474658,-0.457394058,1.563465644,1.936083452
-2.113304678,-1.219822496,-0.53011539,-0.535969149,1.806420806,-0.450401822,1.770334749,1.937417882
-1.756247713,-0.944424126,-0.5293735,-0.354494532,2.073680357,-0.445891495,1.91729444,1.821572273
-1.562441044,-0.908391222,-0.415457582,-0.360153296,2.154004889,-0.425275727,2.124959995,1.85989788
-1.775530124,-0.895939569,-0.654157007,-0.388812875,2.203596834,-0.439332851,2.182291423,1.817820996
-1.517302802,-1.01631744,-0.486910262,-0.341877893,2.220811597,-0.449625665,2.199198012,1.79439986
-1.617648549,-0.963363811,-0.434083803,-0.410359548,2.211867719,-0.424783017,2.237853393,1.783912207
-1.453173059,-0.940408798,-0.363835578,-0.417988376,2.235443341,-0.420272433,2.275525994,1.734777256
-1.472177791,-0.892886387,-0.346765336,-0.417171908,2.25044869,-0.400156977,2.317299926,1.72237824
-1.449740597,-0.965047727,-0.332120995,-0.378017689,2.248532046,-0.396531376,2.313141438,1.709231866
-1.591163897,-0.835761636,-0.46615845,-0.295849336,2.232536418,-0.515769268,1.949579169,1.936853797
-1.240736599,-0.853981732,-0.494043523,-0.263192004,2.297868557,-0.48914001,2.018049237,1.893011831
-1.130857258,-0.745025345,-0.521565789,-0.311746868,2.324851378,-0.465023902,2.079096856,1.876893411
-1.189801962,-0.874603168,-0.502458016,-0.295632679,2.361604709,-0.480015924,2.120226958,1.882910732
-1.190886414,-0.906703225,-0.488335143,-0.303248297,2.350570701,-0.478828068,2.110378158,1.866697877
-1.095405744,-0.913456229,-0.429285191,-0.314722029,2.358931007,-0.48832302,2.154907802,1.855459149
-1.145430436,-0.957202677,-0.54354165,-0.345080167,2.376839003,-0.498997339,2.190925871,1.824995051
-1.100452006,-0.807208686,-0.455548429,-0.307754547,2.356306931,-0.452033842,2.209659453,1.808026924
-1.10316892,-0.856542724,-0.475325531,-0.361882393,2.357949921,-0.465091603,2.213943885,1.789006366
-1.167792422,-0.85951329,-0.446462803,-0.339256919,2.347820277,-0.460397139,2.229664369,1.792078134
-0.077444215,-0.366394111,0.365410781,-0.652528754,0.259736602,-0.120860741,0.416573062,-0.47207782
-0.024277761,-0.462663313,0.38131164,-0.712256725,0.164162687,-0.101819105,0.394086382,-0.492029318
-0.012419596,-0.475488979,0.32007448,-0.603130588,0.15357587,-0.064786276,0.368211106,-0.514321414
-0.024582794,-0.400524667,0.377283708,-0.557004687,0.172598099,-0.0343432,0.363769199,-0.541844045
-0.047993738,-0.436871659,0.357797203,-0.54433475,0.177141325,-0.018132929,0.326945138,-0.551223608
-0.028752051,-0.44816486,0.38410709,-0.540427354,0.188708203,0.004085498,0.335056434,-0.580116707
-0.085413138,-0.373506208,0.331390261,-0.576623247,0.171731182,0.019906413,0.310599614,-0.62074729
-0.147236361,-0.385426682,0.339330672,-0.529829217,0.160783134,0.070156962,0.286911423,-0.647486762
-0.047493529,-0.409334914,0.318960278,-0.547489668,0.157577281,0.080399764,0.295006556,-0.676401011
-0.108665916,-0.393357181,0.26520122,-0.445450814,0.173942158,0.084617283,0.286847542,-0.698550503
-0.297784961,-0.519786842,0.260373341,-0.555684293,0.047296831,0.034979417,0.609362807,-0.705339451
-0.307518448,-0.517974199,0.307628562,-0.592862876,0.052685071,0.1040389,0.574391491,-0.729652306
-0.268222004,-0.54764353,0.357415845,-0.489709771,0.026775841,0.112983978,0.522133064,-0.749362759
-0.288336488,-0.517035129,0.38108065,-0.588018898,0.018206086,0.144743113,0.486051665,-0.757115538
-0.320168452,-0.453028755,0.40453019,-0.528317671,0.044529048,0.181826186,0.432952369,-0.785712265
-0.358222665,-0.541941856,0.342850833,-0.544578237,0.03014434,0.202128301,0.432793738,-0.810987474
-0.364561269,-0.502662255,0.327025207,-0.509423127,0.049800736,0.198301681,0.437535323,-0.833864748
-0.352295382,-0.444263048,0.399525008,-0.439596266,0.066247976,0.22638819,0.424414187,-0.869793588
-0.361779009,-0.513266638,0.413735493,-0.554470086,0.059489846,0.235638207,0.405083546,-0.893676077
-0.350103296,-0.486586749,0.356782578,-0.40383902,0.051733942,0.25584063,0.350502976,-0.922709711
